Name,Team,Url,Type,ValueinCR,Full Name,Born,Age,National Side,Batting Style,Bowling,Sport,MatchPlayed,InningsBatted,NotOuts,RunsScored,HighestInnScore,100s,50s,4s,6s,BattingAVG,BattingS/R,CatchesTaken,StumpingsMade,Ducks,R/O,InningsBowled,Overs,Maidens,RunsConceded,Wickets,Best,3s,5s,BowlingAVG,EconomyRate,S/R,Mtc
Mayank Agarwal,PBKS,https://sports.ndtv.com/cricket/players/1430-mayank-agarwal-playerprofile,Batsman ,12.00,Mayank Anurag Agarwal,"February 16, 1991 Bangalore, Karnataka","31 Years, 0 Months, 28 Days",India,Right Handed,Off break,,100,95,4,2131,106 v RR,1,11,203,85,23.41,135.47,40,0,6,4,,,,,,,,,,,,
Liam Livingstone,PBKS,https://sports.ndtv.com/cricket/players/64363-liam-stephen-livingstone-playerprofile,All-Rounder ,11.50,Liam Stephen Livingstone,"August 4, 1993 Barrow-in-Furness, Cumberland","28 Years, 7 Months, 11 Days",England,Right Handed,Leg break,IPL,9,9,1,112,44 v SRH,0,0,9,6,14.00,125.84,7,0,0,0,1,1,0,13,0,0/13 v MI,0,0,,13.00,,1
Kagiso Rabada,PBKS,https://sports.ndtv.com/cricket/players/64042-kagiso-rabada-playerprofile,Bowler ,9.25,Kagiso Rabada,"May 25, 1995 Johannesburg","26 Years, 9 Months, 22 Days",South Africa,Left Handed,Right-arm fast,IPL,50,18,8,138,44 v MI,0,0,11,4,13.80,102.98,23,0,5,2,50,190,2,1560,76,4/21 v RCB,4,0,20.52,8.21,15.00,50
Shahrukh Khan,PBKS,https://sports.ndtv.com/cricket/players/113433-shahrukh-khan-playerprofile,All-Rounder ,9.00,Masood Shahrukh Khan,"May 27, 1995 Chennai, Tamil Nadu","26 Years, 9 Months, 20 Days",India,Right Handed,Off break,,11,10,3,153,47 v CSK,0,0,9,10,21.85,134.21,4,0,1,1,,,,,,,,,,,,
Shikhar Dhawan,PBKS,https://sports.ndtv.com/cricket/players/737-shikhar-dhawan-playerprofile,Batsman ,8.25,Shikhar Dhawan,"December 5, 1985 Delhi","36 Years, 3 Months, 10 Days",India,Left Handed,Off break,IPL,192,191,25,5784,106* v PBKS,2,44,654,124,34.84,126.64,82,0,11,16,6,8,0,66,4,1/7 v DC,0,0,16.50,8.25,12.00,6
Jonny Bairstow,PBKS,https://sports.ndtv.com/cricket/players/1551-jonny-bairstow-playerprofile,Wicket-Keeper ,6.75,Jonathan Marc Bairstow,"September 26, 1989 Bradford, Yorkshire","32 Years, 5 Months, 19 Days",England,Right Handed,Right-arm medium,,28,28,3,1038,114 v RCB,1,7,99,46,41.52,142.19,18,4,2,0,,,,,,,,,,,,
Odean Smith,PBKS,https://sports.ndtv.com/cricket/players/108548-odean-smith-playerprofile,All-Rounder ,6.00,Odean Fabian Smith,"November 1, 1996 St. Elizabeth, Jamaica","25 Years, 4 Months, 14 Days",West Indies,Right Handed,Right-arm medium,,,,,,,,,,,,,,,,,,,,,,,,,,,,
Rahul Chahar,PBKS,https://sports.ndtv.com/cricket/players/107512-rahul-chahar-playerprofile,Bowler ,5.25,Rahul Desraj Chahar,"August 4, 1999 Bharaatpur, Rajasthan","22 Years, 7 Months, 12 Days",India,Right Handed,Leg break googly,IPL,42,11,4,31,10 v SRH,0,0,3,0,4.42,96.87,11,0,4,1,41,150,0,1117,43,4/27 v KKR,3,0,25.97,7.44,20.93,41
Arshdeep Singh,PBKS,https://sports.ndtv.com/cricket/players/108557-arshdeep-singh-playerprofile,Bowler ,4.00,Arshdeep Singh,"February 5, 1999 Guna, Madhya Pradesh","23 Years, 1 Months, 8 Days",India,Left Handed,Left-arm medium fast,IPL,23,3,2,2,1* v KKR,0,0,0,0,2.00,33.33,6,0,1,0,23,76.1,1,669,30,5/32 v RR,3,1,22.30,8.78,15.23,23
Harpreet Brar,PBKS,https://sports.ndtv.com/cricket/players/110975-harpreet-brar-playerprofile,All-Rounder ,3.80,Harpreet Brar,"September 16, 1995 Moga, Punjab","26 Years, 6 Months, 0 Days",India,Left Handed,Slow left-arm orthodox,IPL,10,6,6,84,25* v RCB,0,0,5,3,,120.00,2,0,0,0,10,32,1,228,5,3/19 v RCB,1,0,45.60,7.12,38.40,10
Vaibhav Arora,PBKS,https://sports.ndtv.com/cricket/players/113442-vaibhav-arora-playerprofile,Bowler ,2.00,Vaibhav Gopal Arora,"December 14, 1997 Himachal Pradesh","24 Years, 3 Months, 1 Days",India,Right Handed,Right-arm fast medium,,,,,,,,,,,,,,,,,,,,,,,,,,,,
Raj Bawa,PBKS,https://sports.ndtv.com/cricket/players/114984-raj-angad-bawa-playerprofile,All-Rounder ,2.00,Raj Angad Bawa,"November 12, 2002 Nahan, Himachal Pradesh","19 Years, 4 Months, 3 Days",India,Left Handed,Right-arm medium fast,,,,,,,,,,,,,,,,,,,,,,,,,,,,
Nathan Ellis,PBKS,https://sports.ndtv.com/cricket/players/113454-nathan-ellis-playerprofile,Bowler ,0.75,Nathan Ellis,"September 22, 1994 Greenacre, New South Wales","27 Years, 5 Months, 23 Days",Australia,Right Handed,Right-arm fast medium,IPL,3,2,1,18,12 v SRH,0,0,0,1,18.00,112.50,,,0,0,3,11,0,90,1,1/12 v MI,0,0,90.00,8.18,66.00,3
Prabhsimran Singh,PBKS,https://sports.ndtv.com/cricket/players/110976-simran-singh-playerprofile,Wicket-Keeper ,0.60,Prabhsimran Singh,"August 10, 2000 ","21 Years, 7 Months, 5 Days",India,Right Handed,,,5,5,0,50,16 v SRH,0,0,4,2,10.00,90.90,2,0,0,0,,,,,,,,,,,,
Rishi Dhawan,PBKS,https://sports.ndtv.com/cricket/players/1131-rishi-dhawan-playerprofile,All-Rounder ,0.55,Rishi Dhawan,"February 19, 1990 Mandi, Himachal Pradesh","32 Years, 0 Months, 24 Days",India,Right Handed,Right-arm medium fast,IPL,26,17,10,153,25* v CSK,0,0,13,4,21.85,113.33,6,0,2,1,25,81.2,1,640,18,2/14 v RCB,0,0,35.55,7.86,27.11,25
Bhanuka Rajapaksa,PBKS,https://sports.ndtv.com/cricket/players/43735-pramod-bhanuka-bandara-rajapaksa-playerprofile,Batsman ,0.50,Pramod Bhanuka Bandara Rajapaksa,"October 24, 1991","30 Years, 4 Months, 23 Days",Sri Lanka,,,Cricket,,,,,,,,,,,,,,,,,,,,,,,,,,,
Sandeep Sharma,PBKS,https://sports.ndtv.com/cricket/players/1431-sandeep-sharma-playerprofile,Bowler ,0.50,Sandeep Sharma,"May 18, 1993 Patiala, Punjab","28 Years, 9 Months, 28 Days",India,Right Handed,Right-arm medium,IPL,99,25,19,52,9 v RCB,0,0,4,0,8.66,81.25,12,0,9,1,99,366.2,8,2849,112,4/20 v DC,9,0,25.43,7.77,19.62,99
Benny Howell,PBKS,https://sports.ndtv.com/cricket/players/45414-benny-alexander-cameron-howell-playerprofile,All-Rounder ,0.40,Benny Alexander Cameron Howell,"October 05, 1988","33 Years, 5 Months, 10 Days",England,,,Cricket,,,,,,,,,,,,,,,,,,,,,,,,,,,
Ishan Porel,PBKS,https://sports.ndtv.com/cricket/players/108572-ishan-porel-playerprofile,Bowler ,0.25,Ishan Chandranath Porel,"September 5, 1998 Hooghly, Bengal","23 Years, 6 Months, 10 Days",India,Right Handed,Right-arm medium,IPL,1,0,0,,,0,0,0,0,,0.00,,,0,0,1,4,0,39,1,1/39 v RR,0,0,39.00,9.75,24.00,1
Prerak Mankad,PBKS,https://sports.ndtv.com/cricket/players/107510-prerak-mankad-playerprofile,All-Rounder ,0.20,Prerak Nileshkumar Mankad,"April 23, 1994 Sirohi, Saurashtra","27 Years, 10 Months, 22 Days",India,Right Handed,Right-arm medium,,,,,,,,,,,,,,,,,,,,,,,,,,,,
Atharva Taide,PBKS,https://sports.ndtv.com/cricket/players/110595-atharwa-taide-playerprofile,All-Rounder ,0.20,Atharva Taide,"April 26, 2000 Akola Maharashtra","21 Years, 10 Months, 19 Days",India,Left Handed,Slow left-arm orthodox,,,,,,,,,,,,,,,,,,,,,,,,,,,,
Ansh Patel,PBKS,https://sports.ndtv.com/cricket/players/113486-ansh-p-patel-playerprofile,All-Rounder ,0.20,Ansh Pradipkumar Patel,"February 19, 2002 Vadodara, Gujarat","20 Years, 0 Months, 24 Days",India,Right Handed,Slow left-arm orthodox,,,,,,,,,,,,,,,,,,,,,,,,,,,,
Jitesh Sharma,PBKS,https://sports.ndtv.com/cricket/players/106754-jitesh-sharma-playerprofile,Wicket-Keeper ,0.20,Jitesh Mohan Sharma,"October 22, 1993 Amrawati, Maharashtra","28 Years, 4 Months, 24 Days",India,Right Handed,,,,,,,,,,,,,,,,,,,,,,,,,,,,,
Writtick Chatterjee,PBKS,https://sports.ndtv.com/cricket/players/64856-writtick-bijoy-chatterjee-playerprofile,All-Rounder ,0.20,Writtick Bijoy Chatterjee,"September 28, 1992 Jamtara, Bengal","29 Years, 5 Months, 17 Days",India,Right Handed,Off break,,,,,,,,,,,,,,,,,,,,,,,,,,,,
Baltej Singh,PBKS,https://sports.ndtv.com/cricket/players/59711-baltej-singh-dhanda-playerprofile,Bowler ,0.20,Baltej Singh Dhanda,"November 4, 1990 Ludhiana, Punjab","31 Years, 4 Months, 11 Days",India,Right Handed,Right-arm medium,,,,,,,,,,,,,,,,,,,,,,,,,,,,
Kane Williamson,SRH,https://sports.ndtv.com/cricket/players/1058-kane-williamson-playerprofile,Batsman ,14.00,Kane Stuart Williamson,"August 8, 1990 Tauranga","31 Years, 7 Months, 7 Days",New Zealand,Right Handed,Off break,IPL,63,62,15,1885,89 v DC,0,17,165,56,40.10,131.26,29,0,1,3,2,3,0,31,0,0/7 v KKR,0,0,,10.33,,2
Nicholas Pooran,SRH,https://sports.ndtv.com/cricket/players/1720-nicolas-pooran-playerprofile,Wicket-Keeper ,10.75,Nicholas Pooran,"October 2, 1995 Trinidad","26 Years, 5 Months, 14 Days",West Indies,Left Handed,,,33,31,4,606,77 v SRH,0,2,35,44,22.44,154.98,11,0,5,1,,,,,,,,,,,,
Washington Sundar,SRH,https://sports.ndtv.com/cricket/players/108593-washington-sundar-playerprofile,All-Rounder ,8.75,Washington Sundar,"October 5, 1999 Chennai, Tamil Nadu","22 Years, 5 Months, 11 Days",India,Left Handed,Off break,IPL,42,26,10,217,35 v RR,0,0,17,6,13.56,111.28,9,0,4,0,41,125,1,867,27,3/16 v MI,2,0,32.11,6.93,27.77,41
Rahul Tripathi,SRH,https://sports.ndtv.com/cricket/players/12218-rahul-ajay-tripathi-playerprofile,Batsman ,8.50,Rahul Ajay Tripathi,"March 2, 1991 Ranchi, Jharkhand","31 Years, 0 Months, 14 Days",India,Right Handed,Right-arm medium,IPL,62,60,7,1385,93 v KKR,0,7,136,48,26.13,136.31,23,0,1,4,1,1,0,12,0,0/12 v KKR,0,0,,12.00,,1
Romario Shepherd,SRH,https://sports.ndtv.com/cricket/players/112280-romario-shepherd-playerprofile,All-Rounder ,7.75,Romario Shepherd,"November 26, 1994 Guyana","27 Years, 3 Months, 19 Days",West Indies,Right Handed,Right-arm medium fast,,,,,,,,,,,,,,,,,,,,,,,,,,,,
Abhishek Sharma,SRH,https://sports.ndtv.com/cricket/players/108562-abhishek-sharma-playerprofile,All-Rounder ,6.50,Abhishek Sharma,"September 4, 2000 Amritsar, Punjab","21 Years, 6 Months, 11 Days",India,Left Handed,Slow left-arm orthodox,IPL,22,20,6,241,46* v RCB,0,0,17,12,17.21,139.30,5,0,0,1,14,22,0,176,7,2/4 v MI,0,0,25.14,8.00,18.85,14
Bhuvneshwar Kumar,SRH,https://sports.ndtv.com/cricket/players/1250-bhuvneshwar-kumar-playerprofile,Bowler ,4.20,Bhuvneshwar Kumar Singh,"February 5, 1990 Meerut, Uttar Pradesh","32 Years, 1 Months, 7 Days",India,Right Handed,Right-arm medium,IPL,132,51,25,217,24* v CSK,0,0,20,3,8.34,96.87,27,0,9,4,132,491.3,9,3588,142,5/19 v PBKS,9,1,25.26,7.30,20.76,132
Marco Jansen,SRH,https://sports.ndtv.com/cricket/players/113406-marco-jansen-playerprofile,All-Rounder ,4.20,Marco Jansen,"May 1, 2000 Potchefstroom, North West, South Africa","21 Years, 10 Months, 14 Days",South Africa,Right Handed,Left-arm fast,IPL,2,2,0,0,0 v KKR,0,0,0,0,0.00,0.00,1,0,2,0,2,6,0,45,2,2/28 v RCB,0,0,22.50,7.50,18.00,2
Umran Malik,SRH,https://sports.ndtv.com/cricket/players/113473-umran-malik-playerprofile,Bowler ,4.00,Umran Malik,"November 22, 1999 Srinagar, Jammu & Kashmir","22 Years, 3 Months, 24 Days",India,Right Handed,Right-arm medium fast,IPL,3,0,0,,,0,0,0,0,,0.00,,,0,0,3,12,0,96,2,1/21 v RCB,0,0,48.00,8.00,36.00,3
Abdul Samad,SRH,https://sports.ndtv.com/cricket/players/113179-abdul-samad-playerprofile,Batsman ,4.00,Abdul Samad Farooq,"October 28, 2001 Kala Kot, Jammu & Kashmir","20 Years, 4 Months, 18 Days",India,Right Handed,Leg break,IPL,23,18,4,222,33 v DC,0,0,12,14,15.85,146.05,13,0,2,1,4,8,0,105,2,1/9 v PBKS,0,0,52.50,13.12,24.00,4
T Natarajan,SRH,https://sports.ndtv.com/cricket/players/107525-t-natarajan-playerprofile,Bowler ,4.00,Thangarasu Natarajan,"May 27, 1991 Salem","30 Years, 9 Months, 20 Days",India,Left Handed,Left-arm medium,IPL,24,4,4,3,3* v RCB,0,0,0,0,,60.00,3,0,3,0,24,83.3,1,688,20,2/24 v PBKS,0,0,34.40,8.23,25.05,24
Kartik Tyagi,SRH,https://sports.ndtv.com/cricket/players/108595-kartik-tyagi-playerprofile,Bowler ,4.00,Kartik Tyagi,"November 8, 2000 Hapur, Uttar Pradesh","21 Years, 4 Months, 7 Days",India,Right Handed,Right-arm medium fast,IPL,14,5,3,6,2* v DC,0,0,0,0,3.00,60.00,3,0,1,0,14,52.1,0,491,13,2/29 v PBKS,0,0,37.76,9.41,24.07,14
Aiden Markram,SRH,https://sports.ndtv.com/cricket/players/64634-aiden-kyle-markram-playerprofile,Batsman ,2.60,Aiden Kyle Markram,"October 4, 1994 Centurion","27 Years, 5 Months, 11 Days",South Africa,Right Handed,Off break,IPL,6,6,1,146,42 v MI,0,0,12,4,29.20,122.68,3,0,0,0,2,4,0,23,0,0/5 v RCB,0,0,,5.75,,2
Sean Abbott,SRH,https://sports.ndtv.com/cricket/players/106719-sean-abbott-playerprofile,Bowler ,2.40,Sean Anthony Abbott,"February 29, 1992 Windsor, New South Wales","30 Years, 0 Months, 15 Days",Australia,Right Handed,Right-arm fast medium,IPL,2,2,0,15,14 v SRH,0,0,1,1,7.50,115.38,,,0,1,2,5,0,57,0,0/21 v SRH,0,0,,11.40,,2
Glenn Phillips,SRH,https://sports.ndtv.com/cricket/players/107472-glenn-phillips-playerprofile,Wicket-Keeper ,1.50,Glenn Dominic Phillips,"December 6, 1996 East London, Eastern Cape","25 Years, 3 Months, 9 Days",New Zealand,Right Handed,Off break,IPL,3,3,1,26,14* v CSK,0,0,1,2,13.00,78.78,1,0,0,0,2,2,0,20,1,1/17 v KKR,0,0,20.00,10.00,12.00,2
Shreyas Gopal,SRH,https://sports.ndtv.com/cricket/players/51296-shreyas-gopal-playerprofile,Bowler ,0.75,Shreyas Gopal,"September 4, 1993 Banglaore, Karnataka","28 Years, 6 Months, 11 Days",India,Right Handed,Leg break,IPL,48,21,7,171,24 v PBKS,0,0,17,2,12.21,105.55,11,0,4,2,47,155.1,1,1247,48,4/16 v RCB,4,0,25.97,8.03,19.39,47
Fazalhaq Farooqi,SRH,https://sports.ndtv.com/cricket/players/112535-fazal-haque-playerprofile,Bowler ,0.50,Fazalhaq Farooqi,"September 22, 2000 Baghlan","21 Years, 5 Months, 23 Days",Afghanistan,Right Handed,Left-arm medium,,,,,,,,,,,,,,,,,,,,,,,,,,,,
Vishnu Vinod,SRH,https://sports.ndtv.com/cricket/players/107531-vishnu-vinod-playerprofile,Wicket-Keeper ,0.50,Vishnu Vinod,"December 2, 1993 Pathanamthitta, Kerala","28 Years, 3 Months, 13 Days",India,Right Handed,,,3,3,0,19,9 v DC,0,0,1,1,6.33,73.07,0,2,0,1,,,,,,,,,,,,
Priyam Garg,SRH,https://sports.ndtv.com/cricket/players/110579-priyam-garg-playerprofile,Batsman ,0.20,Priyam K Garg,"November 30, 2000 Meerut, Uttar Pradesh","21 Years, 3 Months, 15 Days",India,Right Handed,Right-arm medium,,19,15,1,205,51* v CSK,0,1,11,7,14.64,110.81,6,0,2,1,,,,,,,,,,,,
Saurabh Dubey,SRH,https://sports.ndtv.com/cricket/players/113468-saurabh-dubey-playerprofile,Bowler ,0.20,Saurabh Dubey,"January 23, 1998 ","24 Years, 1 Months, 20 Days",India,Right Handed,Left-arm medium fast,,,,,,,,,,,,,,,,,,,,,,,,,,,,
Jagadeesha Suchith,SRH,https://sports.ndtv.com/cricket/players/106726-jagadeesha-suchith-playerprofile,Bowler ,0.20,Jagadeesha Suchith,"January 16, 1994 Mysore","28 Years, 2 Months, -1 Days",India,Left Handed,Slow left-arm orthodox,IPL,17,8,6,68,34* v PBKS,0,0,6,3,34.00,128.30,9,0,2,1,16,52,0,462,12,2/14 v SRH,0,0,38.50,8.88,26.00,16
Shashank Singh,SRH,https://sports.ndtv.com/cricket/players/63951-shashank-singh-playerprofile,All-Rounder ,0.20,Shashank Singh,"November 21, 1991 Bhilai","30 Years, 3 Months, 25 Days",India,Right Handed,Off break,,,,,,,,,,,,,,,,,,,,,,,,,,,,
Ravikumar Samarth,SRH,https://sports.ndtv.com/cricket/players/63978-ravikumar-samarth-playerprofile,Batsman ,0.20,Ravikumar Samarth,"January 22, 1993","29 Years, 1 Months, 21 Days",India,,,Cricket,,,,,,,,,,,,,,,,,,,,,,,,,,,
Sanju Samson,RR,https://sports.ndtv.com/cricket/players/1701-sanju-samson-playerprofile,Wicket-Keeper ,14.00,Sanju Viswanath Samson,"November 11, 1994 Pulluvila, Vizhinjam, Trivandrum","27 Years, 4 Months, 4 Days",India,Right Handed,,,121,117,12,3068,119 v PBKS,3,15,236,132,29.21,134.20,59,10,8,6,,,,,,,,,,,,
Prasidh Krishna,RR,https://sports.ndtv.com/cricket/players/107509-prasidh-krishna-playerprofile,Bowler ,10.00,Muralikrishna Prasidh Krishna,"February 19, 1996 Bangalore, Karnataka","26 Years, 0 Months, 25 Days",India,Right Handed,Right-arm medium fast,IPL,34,7,5,3,2* v RCB,0,0,0,0,1.50,25.00,7,0,5,1,34,124.2,0,1152,30,4/30 v SRH,2,0,38.40,9.26,24.86,34
Jos Buttler,RR,https://sports.ndtv.com/cricket/players/1367-jos-buttler-playerprofile,Wicket-Keeper ,10.00,Joseph Charles Buttler,"September 8, 1990 Taunton, Somerset","31 Years, 6 Months, 7 Days",England,Right Handed,,,65,64,8,1968,124 v SRH,1,11,194,90,35.14,150.00,34,1,1,3,,,,,,,,,,,,
Shimron Hetmyer,RR,https://sports.ndtv.com/cricket/players/107627-shimron-hetmyer-playerprofile,Batsman ,8.50,Shimron Odilon Hetmyer,"December 26, 1996 Cumberland, Berbice","25 Years, 2 Months, 20 Days",West Indies,Left Handed,,,31,29,9,517,75 v SRH,0,2,34,31,25.85,151.17,14,0,3,2,,,,,,,,,,,,
Trent Boult,RR,https://sports.ndtv.com/cricket/players/1061-trent-boult-playerprofile,Bowler ,8.00,Trent Alexander Boult,"July 22, 1989 Rotorua","32 Years, 7 Months, 24 Days",New Zealand,Right Handed,Left-arm fast medium,IPL,62,10,7,13,6 v CSK,0,0,0,1,4.33,68.42,23,0,6,0,62,236.1,5,1983,76,4/18 v CSK,5,0,26.09,8.39,18.64,62
Devdutt Padikkal,RR,https://sports.ndtv.com/cricket/players/110591-devdutt-padikkal-playerprofile,Batsman ,7.75,Devdutt Babunu Padikkal,"July 7, 2000 Edapal, Kerala","21 Years, 8 Months, 8 Days",India,Left Handed,Off break,,29,29,1,884,101* v RR,1,6,95,22,31.57,125.03,15,0,2,1,,,,,,,,,,,,
Yuzvendra Chahal,RR,https://sports.ndtv.com/cricket/players/1394-yuzvendra-chahal-playerprofile,Bowler ,6.50,Yuzvendra Singh Chahal,"July 23, 1990 Jind, Haryana, India","31 Years, 7 Months, 23 Days",India,Right Handed,Leg break googly,IPL,114,18,12,32,8* v CSK,0,0,0,0,5.33,41.02,24,0,5,2,113,408,4,3097,139,4/25 v PBKS,9,0,22.28,7.59,17.61,113
Ravichandran Ashwin,RR,https://sports.ndtv.com/cricket/players/1109-ravichandran-ashwin-playerprofile,All-Rounder ,5.00,Ravichandran Ashwin,"September 17, 1986 Chennai, Tamil Nadu","35 Years, 5 Months, 28 Days",India,Right Handed,Off break,IPL,167,63,22,456,45 v KKR,0,0,37,12,11.12,109.88,37,0,15,5,164,583,4,4031,145,4/34 v PBKS,6,0,27.80,6.91,24.12,164
Yashasvi Jaiswal,RR,https://sports.ndtv.com/cricket/players/112646-yashasvi-jaiswal-playerprofile,Batsman ,4.00,Yashasvi Bhupendra Kumar Jaiswal,"December 28, 2001 Suriya, Uttar Pradesh","20 Years, 2 Months, 18 Days",India,Left Handed,Leg break,,13,13,0,289,50 v CSK,0,1,34,12,22.23,136.32,4,0,2,0,,,,,,,,,,,,
Riyan Parag,RR,https://sports.ndtv.com/cricket/players/108566-riyan-parag-playerprofile,All-Rounder ,3.80,Riyan Parag,"November 10, 2001 Guwahati, Assam","20 Years, 4 Months, 5 Days",India,Right Handed,Leg break,IPL,30,23,3,339,50 v DC,0,1,29,12,16.95,118.53,12,0,3,2,15,22.1,0,221,3,1/7 v PBKS,0,0,73.66,9.96,44.33,15
Navdeep Saini,RR,https://sports.ndtv.com/cricket/players/64853-navdeep-amarjeet-saini-playerprofile,Bowler ,2.60,Navdeep Amarjeet Saini,"November 23, 1992 Karnal, Haryana","29 Years, 3 Months, 22 Days",India,Right Handed,Right-arm fast,IPL,28,6,3,31,12* v DC,0,0,3,0,10.33,88.57,6,0,1,0,28,97.4,1,828,17,2/24 v DC,0,0,48.70,8.47,34.47,28
Nathan Coulter-Nile,RR,https://sports.ndtv.com/cricket/players/1424-nathan-coulter-nile-playerprofile,Bowler ,2.00,Nathan Mitchell Coulter-Nile,"October 11, 1987 Osborne Park, Western Australia","34 Years, 5 Months, 5 Days",Australia,Right Handed,Right-arm fast,IPL,38,16,5,81,24* v PBKS,0,0,7,4,7.36,115.71,12,0,1,1,37,139.5,1,1052,48,4/14 v RR,5,0,21.91,7.52,17.47,37
James Neesham,RR,https://sports.ndtv.com/cricket/players/1441-james-neesham-playerprofile,All-Rounder ,1.50,James Douglas Sheahan Neesham,"September 17, 1990 Auckland","31 Years, 5 Months, 28 Days",New Zealand,Left Handed,Right-arm medium fast,IPL,12,8,1,61,22 v CSK,0,0,3,2,8.71,92.42,1,0,2,0,12,33,0,305,8,3/12 v RR,1,0,38.12,9.24,24.75,12
Karun Nair,RR,https://sports.ndtv.com/cricket/players/1708-karun-nair-playerprofile,Batsman ,1.40,Karun Kaladharan Nair,"December 6, 1991 Jodhpur, Rajasthan","30 Years, 3 Months, 10 Days",India,Right Handed,Off break,,73,66,5,1480,83* v SRH,0,10,160,39,24.26,128.36,22,0,3,1,,,,,,,,,,,,
Rassie van der Dussen,RR,https://sports.ndtv.com/cricket/players/1541-rassie-van-der-dussen-playerprofile,Batsman ,1.00,,,,,,,,,,,,,,,,,,,,,,,,,,,,,,,,,,
Obed McCoy,RR,https://sports.ndtv.com/cricket/players/110382-obed-mccoy-playerprofile,Bowler ,0.75,Obed Christopher McCoy,"January 4, 1997 ","25 Years, 2 Months, 11 Days",West Indies,Left Handed,Left-arm medium fast,,,,,,,,,,,,,,,,,,,,,,,,,,,,
Daryl Mitchell,RR,https://sports.ndtv.com/cricket/players/50709-daryl-joseph-mitchell-playerprofile,All-Rounder ,0.75,Daryl Joseph Mitchell,"May 20, 1991 Hamilton","30 Years, 9 Months, 27 Days",New Zealand,Right Handed,Right-arm medium,,,,,,,,,,,,,,,,,,,,,,,,,,,,
KC Cariappa,RR,https://sports.ndtv.com/cricket/players/107051-kc-cariappa-playerprofile,Bowler ,0.30,Konganda Charamanna Cariappa,"April 13, 1994 Bangalore, Karnataka","27 Years, 11 Months, 2 Days",India,Right Handed,Leg break,IPL,11,5,2,24,12* v RCB,0,0,0,2,8.00,114.28,3,0,0,0,11,36,0,348,8,2/16 v RCB,0,0,43.50,9.66,27.00,11
Tejas Baroka,RR,https://sports.ndtv.com/cricket/players/107535-tejas-baroka-playerprofile,Bowler ,0.20,Tejas Singh Baroka,"February 1, 1996 Pondicherry","26 Years, 1 Months, 12 Days",India,Right Handed,Leg break googly,IPL,1,0,0,,,0,0,0,0,,0.00,,,0,0,1,3.3,0,33,0,0/33 v SRH,0,0,,9.42,,1
Kuldip Yadav,RR,https://sports.ndtv.com/cricket/players/108618-kuldip-yadav-playerprofile,Bowler ,0.20,Kuldip Yadav,"October 15, 1996 ","25 Years, 5 Months, 0 Days",India,Left Handed,Left-arm medium fast,IPL,1,1,1,0,0* v MI,0,0,0,0,,0.00,,,1,0,1,2,0,16,0,0/16 v MI,0,0,,8.00,,1
Dhruv Jurel,RR,https://sports.ndtv.com/cricket/players/112648-dhruv-jurel-playerprofile,Wicket-Keeper ,0.20,Dhruv Chand Jurel,"January 21, 2001 Agra, Uttar Pradesh","21 Years, 1 Months, 22 Days",India,Right Handed,,,,,,,,,,,,,,,,,,,,,,,,,,,,,
Kuldeep Sen,RR,https://sports.ndtv.com/cricket/players/110603-kuldeep-sen-playerprofile,Bowler ,0.20,Kuldeep Rampal Sen,"October 22, 1996 Rewa, Madhya Pradesh, India","25 Years, 4 Months, 24 Days",India,Right Handed,Right-arm fast medium,,,,,,,,,,,,,,,,,,,,,,,,,,,,
Shubham Garhwal,RR,https://sports.ndtv.com/cricket/players/115354-shubham-garhwal-playerprofile,All-Rounder ,0.20,Shubham Shankar Garhwal,"May 14, 1995 Jodhpur, Rajasthan","26 Years, 10 Months, 2 Days",India,Left Handed,Slow left-arm orthodox,,,,,,,,,,,,,,,,,,,,,,,,,,,,
Anunay Singh,RR,https://sports.ndtv.com/cricket/players/115306-anunay-singh-playerprofile,All-Rounder ,0.20,Anunay Narayan Singh,"January 3, 1993 Vaishali, Bihar","29 Years, 2 Months, 12 Days",India,Right Handed,Right-arm medium,,,,,,,,,,,,,,,,,,,,,,,,,,,,
Virat Kohli,RCB,https://sports.ndtv.com/cricket/players/967-virat-kohli-playerprofile,Batsman ,15.00,Virat Kohli,"November 5, 1988 Delhi","33 Years, 4 Months, 10 Days",India,Right Handed,Right-arm medium,IPL,207,199,31,6283,113 v PBKS,5,42,546,210,37.39,129.94,84,0,6,7,26,41.5,0,368,4,2/25 v DCH,0,0,92.00,8.79,62.75,26
Glenn Maxwell,RCB,https://sports.ndtv.com/cricket/players/1423-glenn-maxwell-playerprofile,All-Rounder ,11.00,Glenn James Maxwell,"October 14, 1988 Kew, Melbourne, Victoria","33 Years, 5 Months, 1 Days",Australia,Right Handed,Off break,IPL,97,93,13,2018,95 v CSK,0,12,166,112,25.22,151.84,35,0,12,4,56,107,0,915,22,2/15 v RCB,0,0,41.59,8.55,29.18,56
Harshal Patel,RCB,https://sports.ndtv.com/cricket/players/1293-harshal-patel-playerprofile,All-Rounder ,10.75,Harshal Vikram Patel,"November 23, 1990 Sanand, Gujarat","31 Years, 3 Months, 22 Days",India,Right Handed,Right-arm medium,IPL,63,28,11,187,36* v CSK,0,0,11,11,11.00,134.53,15,0,9,3,61,210.4,0,1808,78,5/27 v MI,6,1,23.17,8.58,16.20,61
Wanindu Hasaranga,RCB,https://sports.ndtv.com/cricket/players/107713-wanidu-hasaranga-playerprofile,All-Rounder ,10.75,Pinnaduwage Wanindu Hasaranga De Silva,"July 29, 1997 Galle","24 Years, 7 Months, 17 Days",Sri Lanka,Right Handed,Leg break,IPL,2,2,1,1,1* v CSK,0,0,0,0,1.00,50.00,,,1,0,2,6,0,60,0,0/20 v KKR,0,0,,10.00,,2
Josh Hazlewood,RCB,https://sports.ndtv.com/cricket/players/1040-josh-hazlewood-playerprofile,Bowler ,7.75,Josh Reginald Hazlewood,"January 8, 1991 Tamworth, New South Wales, Australia","31 Years, 2 Months, 7 Days",Australia,Left Handed,Right-arm fast medium,IPL,12,0,0,,,0,0,0,0,,0.00,1,0,0,0,12,45,0,357,12,3/24 v SRH,1,0,29.75,7.93,22.50,12
Faf du Plessis,RCB,https://sports.ndtv.com/cricket/players/1579-faf-du-plessis-playerprofile,Batsman ,7.00,Francois du Plessis,"July 13, 1984 Pretoria, Transvaal","37 Years, 8 Months, 2 Days",South Africa,Right Handed,Leg break,IPL,100,93,9,2935,96 v PBKS,0,22,265,96,34.94,131.08,66,0,5,9,1,1,0,16,0,0/16 v DCH,0,0,,16.00,,1
Mohammed Siraj,RCB,https://sports.ndtv.com/cricket/players/107503-mohammed-siraj-playerprofile,Bowler ,7.00,Mohammed Siraj,"March 13, 1994 Hyderabad","28 Years, 0 Months, 2 Days",India,Right Handed,Right-arm medium fast,IPL,50,15,10,66,14 v RR,0,0,5,2,13.20,86.84,16,0,5,1,50,171.2,4,1437,50,4/32 v GL,3,0,28.74,8.38,20.56,50
Dinesh Karthik,RCB,https://sports.ndtv.com/cricket/players/666-dinesh-karthik-playerprofile,Wicket-Keeper ,5.50,Krishnakumar Dinesh Karthik,"June 1, 1985 Chennai, Tamil Nadu","36 Years, 9 Months, 14 Days",India,Right Handed,Off break,,213,192,35,4046,97* v RR,0,19,399,112,25.77,129.72,123,32,14,12,,,,,,,,,,,,
Anuj Rawat,RCB,https://sports.ndtv.com/cricket/players/108579-anuj-rawat-playerprofile,Wicket-Keeper ,3.40,Anuj Rawat,"October 17, 1999 Ram Nagar, Uttarakhand","22 Years, 5 Months, -1 Days",India,Left Handed,,,2,1,0,0,0 v KKR,0,0,0,0,0.00,0.00,3,0,1,0,,,,,,,,,,,,
Shahbaz Ahmed,RCB,https://sports.ndtv.com/cricket/players/51351-shahbaz-ahmed-playerprofile,All-Rounder ,2.40,Shahbaz Ahmed,"December 12, 1994 Mewat, Haryana","27 Years, 3 Months, 3 Days",India,Left Handed,Slow left-arm orthodox,IPL,13,8,1,60,14 v SRH,0,0,4,2,8.57,111.11,5,0,0,0,8,20,0,136,9,3/7 v SRH,1,0,15.11,6.80,13.33,8
David Willey,RCB,https://sports.ndtv.com/cricket/players/25633-dj-willey-playerprofile,All-Rounder ,2.00,David Jonathan Willey,"February 28, 1990 Northampton","32 Years, 0 Months, 15 Days",England,Left Handed,Left-arm fast medium,IPL,3,0,0,,,0,0,0,0,,0.00,2,0,0,0,3,10,0,95,2,1/24 v RCB,0,0,47.50,9.50,30.00,3
Sherfane Rutherford,RCB,https://sports.ndtv.com/cricket/players/110388-sherfane-rutherford-playerprofile,All-Rounder ,1.00,Sherfane Eviston Rutherford,"August 15, 1998 ","23 Years, 7 Months, 0 Days",West Indies,Left Handed,Right-arm fast medium,IPL,7,7,2,73,28* v RCB,0,0,2,7,14.60,135.18,5,0,0,0,6,6.5,0,59,1,1/6 v RCB,0,0,59.00,8.63,41.00,6
Mahipal Lomror,RCB,https://sports.ndtv.com/cricket/players/107234-mahipal-lomror-playerprofile,All-Rounder ,0.95,Mahipal Krishan Lomror,"November 16, 1999 Nagaur, Rajasthan","22 Years, 4 Months, 0 Days",India,Left Handed,Slow left-arm orthodox,IPL,11,10,2,181,47 v RCB,0,0,8,9,22.62,119.86,1,0,0,0,6,10,0,74,1,1/22 v SRH,0,0,74.00,7.40,60.00,6
Finn Allen,RCB,https://sports.ndtv.com/cricket/players/113428-finn-allen-playerprofile,Batsman ,0.80,Finnley Hugh Allen,"April 22, 1999 Auckland","22 Years, 10 Months, 24 Days",New Zealand,Right Handed,,,,,,,,,,,,,,,,,,,,,,,,,,,,,
Jason Behrendorff,RCB,https://sports.ndtv.com/cricket/players/1663-jason-behrendorff-playerprofile,Bowler ,0.75,Jason Paul Behrendorff,"April 20, 1990 Camden, New South Wales","31 Years, 10 Months, 25 Days",Australia,Right Handed,Left-arm fast medium,IPL,5,0,0,,,0,0,0,0,,0.00,,,0,0,5,19,0,165,5,2/22 v CSK,0,0,33.00,8.68,22.80,5
Siddarth Kaul,RCB,https://sports.ndtv.com/cricket/players/1699-siddarth-kaul-playerprofile,Bowler ,0.75,Siddarth Kaul,"May 19, 1990 Pathankot, Punjab","31 Years, 9 Months, 27 Days",India,Right Handed,Right-arm medium,IPL,54,12,8,20,7* v KKR,0,0,1,0,5.00,55.55,8,0,6,2,54,197.3,3,1696,58,4/29 v RPS,3,0,29.24,8.58,20.43,54
Karn Sharma,RCB,https://sports.ndtv.com/cricket/players/1245-karan-sharma-playerprofile,Bowler ,0.50,Karn Vinod Sharma,"October 23, 1987 Meerut, Uttar Pradesh","34 Years, 4 Months, 24 Days",India,Left Handed,Leg break googly,IPL,68,35,14,317,39* v CSK,0,0,18,14,15.09,115.69,14,0,2,3,66,203.4,1,1610,59,4/16 v KKR,2,0,27.28,7.90,20.71,66
Suyash Prabhudessai,RCB,https://sports.ndtv.com/cricket/players/110587-suyash-prabhudessai-playerprofile,All-Rounder ,0.30,Suyash S Prabhudessai,"December 6, 1997 ","24 Years, 3 Months, 9 Days",India,Right Handed,Right-arm medium,,,,,,,,,,,,,,,,,,,,,,,,,,,,
Chama Milind,RCB,https://sports.ndtv.com/cricket/players/64116-chama-v-milind-playerprofile,Bowler ,0.25,,,,,,,,,,,,,,,,,,,,,,,,,,,,,,,,,,
Aneeshwar Gautam,RCB,https://sports.ndtv.com/cricket/players/114974-aneeshwar-gautam-playerprofile,All-Rounder ,0.20,Aneeshwar Gautam Narendra,"January 16, 2003 Bengaluru, Karnataka","19 Years, 2 Months, -1 Days",India,Left Handed,Slow left-arm orthodox,,,,,,,,,,,,,,,,,,,,,,,,,,,,
Akash Deep,RCB,https://sports.ndtv.com/cricket/players/113443-akash-deep-playerprofile,Bowler ,0.20,Akash Deep,"December 15, 1996 Dehri, (Rotas), Bihar","25 Years, 3 Months, 0 Days",India,Right Handed,Right-arm medium,,,,,,,,,,,,,,,,,,,,,,,,,,,,
Luvnith Sisodia,RCB,https://sports.ndtv.com/cricket/players/115304-luvnith-sisodia-playerprofile,Wicket-Keeper ,0.20,Luvnith Sujith Sisodia,"January 15, 2000 Bangalore, Karnataka","22 Years, 2 Months, 1 Days",India,Left Handed,Left-arm medium,,,,,,,,,,,,,,,,,,,,,,,,,,,,
Rohit Sharma,MI,https://sports.ndtv.com/cricket/players/857-rohit-sharma-playerprofile,Batsman ,16.00,Rohit Gurunath Sharma,"April 30, 1987 Bansod, Nagpur, Maharashtra","34 Years, 10 Months, 16 Days",India,Right Handed,Off break,IPL,213,208,28,5611,109* v KKR,1,40,491,227,31.17,130.39,90,0,13,11,32,56.3,0,453,15,4/6 v MI,1,0,30.20,8.01,22.60,32
Ishan Kishan,MI,https://sports.ndtv.com/cricket/players/107047-ishan-kishan-playerprofile,Wicket-Keeper ,15.25,Ishan Pranav Kumar Pandey Kishan,"July 18, 1998 Patna, Bihar","23 Years, 7 Months, 28 Days",India,Left Handed,Left-arm medium,,61,56,5,1452,99 v RCB,0,9,121,74,28.47,136.33,19,2,5,5,,,,,,,,,,,,
Jasprit Bumrah,MI,https://sports.ndtv.com/cricket/players/1724-jasprit-bumrah-playerprofile,Bowler ,12.00,Jasprit Jasbirsingh Bumrah,"December 6, 1993 Ahmedabad","28 Years, 3 Months, 9 Days",India,Right Handed,Right-arm fast,IPL,106,20,15,56,16* v RPS,0,0,4,1,11.20,96.55,13,0,7,1,106,403.4,5,2997,130,4/14 v DC,14,0,23.05,7.42,18.63,106
Tim David,MI,https://sports.ndtv.com/cricket/players/111686-tim-david-playerprofile,All-Rounder ,8.25,Timothy Hays David,"March 16, 1996 ","26 Years, 0 Months, -1 Days",Singapore,Right Handed,Off break,,1,1,0,1,1 v CSK,0,0,0,0,1.00,33.33,,,0,0,,,,,,,,,,,,
Jofra Archer,MI,https://sports.ndtv.com/cricket/players/64664-jofra-archer-playerprofile,All-Rounder ,8.00,Jofra Chioke Archer,"April 1, 1995 Bridgetown, Barbados","26 Years, 11 Months, 15 Days",England,Right Handed,Right-arm fast,IPL,35,23,10,195,27* v CSK,0,0,11,14,15.00,157.25,9,0,5,1,35,137.3,2,981,46,3/15 v PBKS,6,0,21.32,7.13,17.93,35
Suryakumar Yadav,MI,https://sports.ndtv.com/cricket/players/1492-suryakumar-yadav-playerprofile,Batsman ,8.00,Suryakumar Ashok Yadav,"September 14, 1990 Mumbai, Maharashtra","31 Years, 6 Months, 1 Days",India,Right Handed,Right-arm medium,IPL,115,100,19,2341,82 v SRH,0,13,261,68,28.90,135.71,55,0,7,5,1,1,0,8,0,0/8 v DC,0,0,,8.00,,1
Kieron Pollard,MI,https://sports.ndtv.com/cricket/players/907-kieron-pollard-playerprofile,All-Rounder ,6.00,Kieron Adrian Pollard,"May 12, 1987 Tacarigua, Trinidad","34 Years, 10 Months, 4 Days",West Indies,Right Handed,Right-arm medium,IPL,178,160,51,3268,87* v CSK,0,16,212,214,29.98,149.77,96,0,8,4,101,234,0,2055,65,4/44 v RR,2,0,31.61,8.78,21.60,101
Dewald Brevis,MI,https://sports.ndtv.com/cricket/players/115001-dewald-brevis-playerprofile,Batsman ,3.00,Dewald Brevis,"April 29, 2003 Johannesburg","18 Years, 10 Months, 17 Days",South Africa,Right Handed,Leg break,,,,,,,,,,,,,,,,,,,,,,,,,,,,
Daniel Sams,MI,https://sports.ndtv.com/cricket/players/113155-daniel-sams-playerprofile,All-Rounder ,2.60,Daniel Richard Sams,"October 27, 1992 Milperra, New South Wales","29 Years, 4 Months, 19 Days",Australia,Right Handed,Left-arm fast medium,IPL,5,3,1,6,3* v DC,0,0,0,0,3.00,75.00,3,0,1,0,5,18,0,153,1,1/24 v PBKS,0,0,153.00,8.50,108.00,5
Tilak Varma,MI,https://sports.ndtv.com/cricket/players/112645-tilak-varma-playerprofile,All-Rounder ,1.70,Namboori Thakur Tilak Varma,"November 8, 2002 Hyderabad, Andhra Pradesh","19 Years, 4 Months, 7 Days",India,Left Handed,Off break,,,,,,,,,,,,,,,,,,,,,,,,,,,,
Murugan Ashwin,MI,https://sports.ndtv.com/cricket/players/63773-murugan-ashwin-playerprofile,Bowler ,1.60,Murugan Ashwin,"September 8, 1990 Chennai, Tamil Nadu","31 Years, 6 Months, 7 Days",India,Right Handed,Leg break googly,IPL,34,8,2,23,9 v SRH,0,0,1,0,3.83,63.88,7,0,1,1,34,112,0,881,26,3/21 v RCB,2,0,33.88,7.86,25.84,34
Tymal Mills,MI,https://sports.ndtv.com/cricket/players/51462-tymal-solomon-mills-playerprofile,Bowler ,1.50,Tymal Solomon Mills,"August 12, 1992 Dewsbury, Yorkshire","29 Years, 7 Months, 3 Days",England,Right Handed,Left-arm fast,IPL,5,3,0,8,6 v SRH,0,0,0,1,2.66,72.72,1,0,1,0,5,17.5,0,153,5,2/31 v KKR,0,0,30.60,8.57,21.40,5
Jaydev Unadkat,MI,https://sports.ndtv.com/cricket/players/1298-jaydev-unadkat-playerprofile,Bowler ,1.30,Jaydev Dipakbhai Unadkat,"October 18, 1991 Porbandar","30 Years, 4 Months, 29 Days",India,Right Handed,Left-arm medium,IPL,86,21,12,105,26 v KKR,0,0,9,3,11.66,109.37,24,0,8,1,85,296,3,2588,85,5/25 v DC,5,2,30.44,8.74,20.89,85
Riley Meredith,MI,https://sports.ndtv.com/cricket/players/113157-riley-meredith-playerprofile,Bowler ,1.00,Riley Patrick Meredith,"June 21, 1996 Hobart, Tasmania","25 Years, 8 Months, 24 Days",Australia,Right Handed,Right-arm fast,IPL,5,1,1,0,0 v RR,0,0,0,0,,0.00,,,1,0,5,17,0,169,4,1/29 v RCB,0,0,42.25,9.94,25.50,5
Fabian Allen,MI,https://sports.ndtv.com/cricket/players/64663-fabian-allen-playerprofile,All-Rounder ,0.75,Fabian Anthony Allen,"May 7, 1995 Kingston, Jamaica","26 Years, 10 Months, 9 Days",West Indies,Right Handed,Slow left-arm orthodox,IPL,4,3,2,6,6 v SRH,0,0,0,0,6.00,50.00,2,0,2,0,3,11,1,90,1,1/22 v SRH,0,0,90.00,8.18,66.00,3
Mayank Markande,MI,https://sports.ndtv.com/cricket/players/108589-mayank-markande-playerprofile,Bowler ,0.65,Mayank Markande,"November 11, 1997 Bathinda, Punjab","24 Years, 4 Months, 4 Days",India,Right Handed,Leg break,IPL,18,8,5,27,7* v PBKS,0,0,3,0,9.00,93.10,3,0,2,0,18,53,0,453,16,4/23 v SRH,1,0,28.31,8.54,19.87,18
Sanjay Yadav,MI,https://sports.ndtv.com/cricket/players/107487-r-sanjay-yadav-playerprofile,All-Rounder ,0.50,Ramsingh Sanjay Yadav,"May 10, 1995 Gorakhpur, Uttar Pradesh","26 Years, 10 Months, 6 Days",India,Left Handed,Slow left-arm orthodox,,,,,,,,,,,,,,,,,,,,,,,,,,,,
Basil Thampi,MI,https://sports.ndtv.com/cricket/players/106722-basil-thampi-playerprofile,Bowler ,0.30,Basil Thampi,"September 11, 1993 Ernakulam, Kerala","28 Years, 6 Months, 4 Days",India,Right Handed,Right-arm fast medium,IPL,20,8,7,32,13* v SRH,0,0,1,1,32.00,91.42,4,0,2,0,20,70.5,0,694,17,3/29 v MI,1,0,40.82,9.79,25.00,20
Arjun Tendulkar,MI,https://sports.ndtv.com/cricket/players/106841-arjun-tendulkar-playerprofile,All-Rounder ,0.30,Arjun Sachin Tendulkar,"September 24, 1999 Mumbai","22 Years, 5 Months, 22 Days",India,Left Handed,Left-arm medium fast,,,,,,,,,,,,,,,,,,,,,,,,,,,,
Ramandeep Singh,MI,https://sports.ndtv.com/cricket/players/108554-ramandeep-singh-playerprofile,All-Rounder ,0.20,Ramandeep Singh,"April 13, 1997 Chandigarh","24 Years, 11 Months, 2 Days",India,Right Handed,Right-arm medium,,,,,,,,,,,,,,,,,,,,,,,,,,,,
Anmolpreet Singh,MI,https://sports.ndtv.com/cricket/players/108576-anmolpreet-singh-playerprofile,Batsman ,0.20,Anmolpreet Singh,"March 28, 1998 Patiala, Punjab","23 Years, 11 Months, 18 Days",India,Right Handed,Off break,,1,1,0,16,16 v CSK,0,0,2,1,16.00,114.28,,,0,0,,,,,,,,,,,,
Aryan Juyal,MI,https://sports.ndtv.com/cricket/players/110596-aryan-juyal-playerprofile,Wicket-Keeper ,0.20,Aryan Juyal,"November 11, 2001 Moradabad, Uttar Pradesh","20 Years, 4 Months, 4 Days",India,Right Handed,,,,,,,,,,,,,,,,,,,,,,,,,,,,,
Arshad Khan,MI,https://sports.ndtv.com/cricket/players/115342-arshad-khan-playerprofile,All-Rounder ,0.20,Mohd Arshad Khan,"December 20, 1997 Gopalganj","24 Years, 2 Months, 26 Days",India,Left Handed,Left-arm medium,,,,,,,,,,,,,,,,,,,,,,,,,,,,
Rahul Buddhi,MI,https://sports.ndtv.com/cricket/players/115338-rahul-buddhi-playerprofile,Batsman ,0.20,Rahul Ravinder Buddhi,"September 20, 1997 Hyderabad","24 Years, 5 Months, 25 Days",India,Left Handed,Off break,,,,,,,,,,,,,,,,,,,,,,,,,,,,
Hrithik Shokeen,MI,https://sports.ndtv.com/cricket/players/115315-hrithik-shokeen-playerprofile,All-Rounder ,0.20,Hrithik Rakesh Shokeen,"August 14, 2000 Delhi","21 Years, 7 Months, 1 Days",India,Right Handed,Off break,,,,,,,,,,,,,,,,,,,,,,,,,,,,
Ravindra Jadeja,CSK,https://sports.ndtv.com/cricket/players/855-ravindra-jadeja-playerprofile,All-Rounder ,16.00,Ravindrasinh Anirudhsinh Jadeja,"December 6, 1988 Navagam-Khed, Saurashtra","33 Years, 3 Months, 9 Days",India,Left Handed,Slow left-arm orthodox,IPL,200,151,63,2386,62* v RCB,0,2,176,85,27.11,128.14,81,0,10,5,171,501.1,2,3816,127,5/16 v DCH,8,1,30.04,7.61,23.67,171
Deepak Chahar,CSK,https://sports.ndtv.com/cricket/players/60022-deepak-lokandersingh-chahar-playerprofile,Bowler ,14.00,Deepak Lokandersingh Chahar,"August 7, 1992 Agra, Uttar Pradesh","29 Years, 7 Months, 8 Days",India,Right Handed,Right-arm medium,IPL,63,12,5,79,39 v PBKS,0,0,2,6,11.28,138.59,12,0,4,0,63,220.4,6,1722,59,4/13 v PBKS,3,0,29.18,7.80,22.44,63
MS Dhoni,CSK,https://sports.ndtv.com/cricket/players/700-ms-dhoni-playerprofile,Wicket-Keeper ,12.00,Mahendra Singh Dhoni,"July 7, 1981 Ranchi, Bihar (now Jharkhand)","40 Years, 8 Months, 8 Days",India,Right Handed,Right-arm medium,,220,193,73,4746,84* v RCB,0,23,325,219,39.55,135.83,126,39,5,9,,,,,,,,,,,,
Moeen Ali,CSK,https://sports.ndtv.com/cricket/players/42413-moeen-munir-ali-playerprofile,All-Rounder ,8.00,Moeen Munir Ali,"June 18, 1987 Birmingham, Warwickshire","34 Years, 8 Months, 28 Days",England,Left Handed,Off break,IPL,34,32,3,666,66 v KKR,0,4,52,42,22.96,146.37,11,0,4,3,27,68.3,0,469,16,3/7 v RR,1,0,29.31,6.84,25.68,27
Ambati Rayudu,CSK,https://sports.ndtv.com/cricket/players/1003-ambati-rayudu-playerprofile,Wicket-Keeper ,6.75,Ambati Thirupathi Rayudu,"September 23, 1985 Guntur,Andhra Pradesh","36 Years, 5 Months, 22 Days",India,Right Handed,Off break,,175,164,31,3916,100* v SRH,1,21,324,149,29.44,127.47,58,2,14,14,,,,,,,,,,,,
Ruturaj Gaikwad,CSK,https://sports.ndtv.com/cricket/players/108591-ruturaj-gaikwad-playerprofile,Batsman ,6.00,Ruturaj Dashrat Gaikwad,"January 31, 1997 Pune, Maharashtra","25 Years, 1 Months, 12 Days",India,Right Handed,Off break,,22,22,4,839,101* v RR,1,7,80,29,46.61,132.12,10,0,2,1,,,,,,,,,,,,
Dwayne Bravo,CSK,https://sports.ndtv.com/cricket/players/626-dwayne-bravo-playerprofile,All-Rounder ,4.40,Dwayne John Bravo,"October 7, 1983 Santa Cruz, Trinidad","38 Years, 5 Months, 9 Days",West Indies,Right Handed,Right-arm medium,IPL,151,107,40,1537,70* v PBKS,0,5,119,65,22.94,130.25,77,0,8,2,148,485.3,2,4061,167,4/22 v PBKS,12,0,24.31,8.36,17.44,148
Shivam Dube,CSK,https://sports.ndtv.com/cricket/players/107521-shivam-dubey-playerprofile,All-Rounder ,4.00,Shivam Dube,"June 26, 1993 Mumbai","28 Years, 8 Months, 19 Days",India,Left Handed,Right-arm medium,IPL,24,22,4,399,64* v CSK,0,1,24,22,22.16,120.54,5,0,0,1,11,15.4,0,130,4,2/15 v SRH,0,0,32.50,8.29,23.50,11
Chris Jordan,CSK,https://sports.ndtv.com/cricket/players/1573-chris-jordan-playerprofile,All-Rounder ,3.60,Christopher James Jordan,"October 4, 1988 Barbados","33 Years, 5 Months, 11 Days",England,Right Handed,Right-arm fast medium,IPL,24,9,2,64,30 v KKR,0,0,3,3,9.14,112.28,9,0,2,2,24,76.3,0,698,25,4/11 v GL,2,0,27.92,9.12,18.36,24
Robin Uthappa,CSK,https://sports.ndtv.com/cricket/players/738-robin-uthappa-playerprofile,Batsman ,2.00,Robin Venu Uthappa,"November 11, 1985 Coorg, Karnataka","36 Years, 4 Months, 4 Days",India,Right Handed,Right-arm medium,,193,186,17,4722,87 v RPS,0,25,462,168,27.94,130.15,87,32,7,9,,,,,,,,,,,,
Mitchell Santner,CSK,https://sports.ndtv.com/cricket/players/51086-mitchell-josef-santner-playerprofile,All-Rounder ,1.90,Mitchell Josef Santner,"February 5, 1992 Hamilton","30 Years, 1 Months, 8 Days",New Zealand,Left Handed,Slow left-arm orthodox,IPL,6,2,1,32,22 v MI,0,0,0,3,32.00,139.13,2,0,0,0,6,21,0,147,6,2/13 v MI,0,0,24.50,7.00,21.00,6
Adam Milne,CSK,https://sports.ndtv.com/cricket/players/1510-adam-milne-playerprofile,Bowler ,1.90,Adam Fraser Milne,"April 13, 1992 Palmerston North","29 Years, 11 Months, 2 Days",New Zealand,Right Handed,Right-arm fast,IPL,9,6,2,23,15 v CSK,0,0,0,1,5.75,79.31,7,0,2,0,9,32,0,308,7,2/21 v CSK,0,0,44.00,9.62,27.42,9
Rajvardhan Hangargekar,CSK,https://sports.ndtv.com/cricket/players/114985-rajvardhan-hangargekar-playerprofile,All-Rounder ,1.50,Rajvardhan S Hangargekar,"November 10, 2002 Tuljapur, Maharashtra","19 Years, 4 Months, 5 Days",India,Right Handed,Right-arm medium,,,,,,,,,,,,,,,,,,,,,,,,,,,,
Prashant Solanki,CSK,https://sports.ndtv.com/cricket/players/115325-prashant-solanki-playerprofile,Bowler ,1.20,Prashant Hitesh Solanki,"February 22, 2000 ","22 Years, 0 Months, 22 Days",India,Right Handed,Leg break,,,,,,,,,,,,,,,,,,,,,,,,,,,,
Devon Conway,CSK,https://sports.ndtv.com/cricket/players/45400-devon-philip-conway-playerprofile,Batsman ,1.00,Devon Philip Conway,"July 8, 1991 Johannesburg, Transvaal","30 Years, 8 Months, 8 Days",South Africa,Left Handed,Right-arm medium,,,,,,,,,,,,,,,,,,,,,,,,,,,,
Maheesh Theekshana,CSK,https://sports.ndtv.com/cricket/players/113459-maheesh-theekshana-playerprofile,Bowler ,0.70,Morawakage Maheesh Theekshana,"August 1, 2000 Colombo","21 Years, 7 Months, 14 Days",Sri Lanka,Right Handed,Off break,,,,,,,,,,,,,,,,,,,,,,,,,,,,
Dwaine Pretorius,CSK,https://sports.ndtv.com/cricket/players/1603-dwaine-pretorius-playerprofile,All-Rounder ,0.50,,,,,,,,,,,,,,,,,,,,,,,,,,,,,,,,,,
Narayan Jagadeesan,CSK,https://sports.ndtv.com/cricket/players/108567-narayan-jagadeesan-playerprofile,Wicket-Keeper ,0.20,Narayan Jagadeesan,"December 24, 1995 Coimbatore, Tamil Nadu","26 Years, 2 Months, 23 Days",India,Right Handed,,,5,2,0,33,33 v RCB,0,0,4,0,16.50,113.79,,,1,1,,,,,,,,,,,,
KM Asif,CSK,https://sports.ndtv.com/cricket/players/108603-km-asif-playerprofile,Bowler ,0.20,KM Asif,"July 24, 1993 Edavanna,Malappuram","28 Years, 7 Months, 22 Days",India,Right Handed,Right-arm medium,IPL,3,0,0,,,0,0,0,0,,0.00,,,0,0,3,8.1,0,93,4,2/43 v DC,0,0,23.25,11.38,12.25,3
Tushar Deshpande,CSK,https://sports.ndtv.com/cricket/players/107528-tushar-deshpande-playerprofile,Bowler ,0.20,Tushar Uday Deshpande,"May 15, 1995 Mumbai","26 Years, 10 Months, 1 Days",India,Left Handed,Right-arm medium,IPL,5,2,1,21,20* v SRH,0,0,2,1,21.00,175.00,1,0,0,0,5,17,0,192,3,2/37 v RR,0,0,64.00,11.29,34.00,5
Subhranshu Senapati,CSK,https://sports.ndtv.com/cricket/players/113463-subhranshu-senapati-playerprofile,Batsman ,0.20,Subhranshu Pradeep Senapati,"December 30, 1996 Keonijhar, Orissa","25 Years, 2 Months, 16 Days",India,Right Handed,Right-arm medium,,,,,,,,,,,,,,,,,,,,,,,,,,,,
Bhagath Varma,CSK,https://sports.ndtv.com/cricket/players/113485-k-bhagath-varma-playerprofile,All-Rounder ,0.20,Kanumuri Bhagath Varma,"September 21, 1998 Hyderabad, Andrha Pradesh","23 Years, 5 Months, 24 Days",India,Right Handed,Off break,,,,,,,,,,,,,,,,,,,,,,,,,,,,
Simarjeet Singh,CSK,https://sports.ndtv.com/cricket/players/113456-simarjeet-singh-playerprofile,Bowler ,0.20,Simarjeet Singh,"January 17, 1998 Delhi","24 Years, 1 Months, 26 Days",India,Right Handed,Right-arm fast medium,,,,,,,,,,,,,,,,,,,,,,,,,,,,
Hari Nishaanth,CSK,https://sports.ndtv.com/cricket/players/113431-c-hari-nishanth-playerprofile,Batsman ,0.20,Chezhian Nishaanth,"August 16, 1996 Ooty (now Udagamandalam), Tamil Nadu","25 Years, 7 Months, -1 Days",India,Left Handed,Off break,,,,,,,,,,,,,,,,,,,,,,,,,,,,
Mukesh Choudhary,CSK,https://sports.ndtv.com/cricket/players/113453-mukesh-choudhary-playerprofile,Bowler ,0.20,Mukesh Choudhary,"July 6, 1996 Pardodas, Bhilwara, Rajsthan","25 Years, 8 Months, 9 Days",India,Left Handed,Left-arm fast medium,,,,,,,,,,,,,,,,,,,,,,,,,,,,
Shreyas Iyer,KKR,https://sports.ndtv.com/cricket/players/64384-shreyas-santosh-iyer-playerprofile,Batsman ,12.25,Shreyas Santosh Iyer,"December 6, 1994 Mumbai","27 Years, 3 Months, 9 Days",India,Right Handed,Leg break googly,,87,87,12,2375,96 v GL,0,16,196,88,31.66,123.95,34,0,6,4,,,,,,,,,,,,
Andre Russell,KKR,https://sports.ndtv.com/cricket/players/1536-andre-russell-playerprofile,All-Rounder ,12.00,Andre Dwayne Russell,"April 29, 1988 Jamaica","33 Years, 10 Months, 16 Days",West Indies,Right Handed,Right-arm fast,IPL,84,70,12,1700,88* v CSK,0,9,119,143,29.31,178.57,25,0,3,5,76,210.1,0,1901,72,5/15 v MI,6,1,26.40,9.04,17.51,76
Nitish Rana,KKR,https://sports.ndtv.com/cricket/players/64080-nitish-rana-playerprofile,All-Rounder ,8.00,Nitish Rana,"December 27, 1993 Delhi","28 Years, 2 Months, 19 Days",India,Left Handed,Off break,IPL,77,71,7,1820,87 v CSK,0,13,161,89,28.43,132.46,15,0,6,3,16,19.1,0,154,7,2/11 v RCB,0,0,22.00,8.03,16.42,16
Varun Chakravarthy,KKR,https://sports.ndtv.com/cricket/players/110973-varun-chakravarthy-playerprofile,Bowler ,8.00,Varun Chakravarthy Vinod,"August 29, 1991 Bidar, Karnataka","30 Years, 6 Months, 18 Days",India,Right Handed,Leg break googly,IPL,31,6,3,12,7* v RCB,0,0,0,0,4.00,63.15,4,0,2,2,31,123,0,839,36,5/20 v DC,1,1,23.30,6.82,20.50,31
Venkatesh Iyer,KKR,https://sports.ndtv.com/cricket/players/110573-venkatesh-iyer-playerprofile,All-Rounder ,8.00,Venkatesh Rajasekaran Iyer,"December 25, 1994 Indore, Madhya Pradesh","27 Years, 2 Months, 21 Days",India,Left Handed,Right-arm medium,IPL,10,10,1,370,67 v PBKS,0,4,37,14,41.11,128.47,7,0,0,0,4,8.3,0,69,3,2/29 v DC,0,0,23.00,8.11,17.00,4
Shivam Mavi,KKR,https://sports.ndtv.com/cricket/players/108563-shivam-mavi-playerprofile,All-Rounder ,7.25,Shivam Pankaj Mavi,"November 26, 1998 Noida, Uttar Pradesh","23 Years, 3 Months, 19 Days",India,Right Handed,Right-arm fast medium,IPL,26,9,2,48,20 v CSK,0,0,4,2,6.85,97.95,12,0,3,0,26,86.1,2,715,25,4/21 v RR,0,0,28.60,8.29,20.68,26
Pat Cummins,KKR,https://sports.ndtv.com/cricket/players/1656-pat-cummins-playerprofile,All-Rounder ,7.25,Patrick James Cummins,"May 8, 1993 Westmead, Sydney","28 Years, 10 Months, 7 Days",Australia,Right Handed,Right-arm fast,IPL,37,26,10,316,66* v CSK,0,2,19,20,19.75,140.44,7,0,4,0,37,139,1,1145,38,4/34 v RR,2,0,30.13,8.23,21.94,37
Sunil Narine,KKR,https://sports.ndtv.com/cricket/players/1456-sunil-narine-playerprofile,All-Rounder ,6.00,Sunil Philip Narine,"May 26, 1988 Arima","33 Years, 9 Months, 20 Days",West Indies,Left Handed,Off break,IPL,134,76,15,954,75 v PBKS,0,4,106,57,15.63,161.69,21,0,13,5,133,520.1,3,3508,143,5/19 v PBKS,6,1,24.53,6.74,21.82,133
Umesh Yadav,KKR,https://sports.ndtv.com/cricket/players/1258-umesh-yadav-playerprofile,Bowler ,2.00,Umeshkumar Tilak Yadav,"October 25, 1987 Nagpur, Maharashtra","34 Years, 4 Months, 22 Days",India,Right Handed,Right-arm fast,IPL,121,38,24,122,24* v RR,0,0,11,4,8.71,95.31,29,0,11,2,120,420.2,3,3579,119,4/24 v RR,12,0,30.07,8.51,21.19,120
Sam Billings,KKR,https://sports.ndtv.com/cricket/players/51406-samuel-william-billings-playerprofile,Wicket-Keeper ,2.00,Samuel William Billings,"June 15, 1991 Pembury, Kent","30 Years, 9 Months, 1 Days",England,Right Handed,,,22,19,0,334,56 v KKR,0,3,31,10,17.57,133.60,13,0,3,1,,,,,,,,,,,,
Tim Southee,KKR,https://sports.ndtv.com/cricket/players/1032-tim-southee-playerprofile,Bowler ,1.50,Timothy Grant Southee,"December 11, 1988 Whangarei, Northland","33 Years, 3 Months, 4 Days",New Zealand,Right Handed,Right-arm medium fast,IPL,43,15,6,118,36* v CSK,0,0,8,4,13.11,124.21,19,0,1,3,43,160,2,1388,31,3/24 v SRH,2,0,44.77,8.67,30.96,43
Alex Hales,KKR,https://sports.ndtv.com/cricket/players/1562-alex-hales-playerprofile,Batsman ,1.50,Alexander Daniel Hales,"January 3, 1989 Hillingdon, Middlesex","33 Years, 2 Months, 12 Days",England,Right Handed,Right-arm medium,,6,6,0,148,45 v DC,0,0,13,6,24.66,125.42,2,0,,,,,,,,,,,,,,
Mohammad Nabi,KKR,https://sports.ndtv.com/cricket/players/1313-mohammad-nabi-playerprofile,All-Rounder ,1.00,Mohammad Nabi,"January 1, 1985 Loger, Afghanistan","37 Years, 2 Months, 14 Days",Afghanistan,Right Handed,Off break,IPL,17,14,2,180,31 v MI,0,0,16,9,15.00,151.26,11,0,0,1,17,57.1,0,408,13,4/11 v RCB,0,0,31.38,7.13,26.38,17
Ajinkya Rahane,KKR,https://sports.ndtv.com/cricket/players/965-ajinkya-rahane-playerprofile,Batsman ,1.00,Ajinkya Madhukar Rahane,"June 6, 1988 Ashwi-KD,Maharashtra","33 Years, 9 Months, 9 Days",India,Right Handed,Right-arm medium,IPL,151,141,16,3941,105* v DC,2,28,417,76,31.52,121.33,58,0,13,7,1,1,0,5,1,1/5 v PBKS,0,0,5.00,5.00,6.00,1
Sheldon Jackson,KKR,https://sports.ndtv.com/cricket/players/27641-sheldon-philip-jackson-playerprofile,Wicket-Keeper ,0.60,,,,,,,,,,,,,,,,,,,,,,,,,,,,,,,,,,
Rinku Singh,KKR,https://sports.ndtv.com/cricket/players/106742-rinku-singh-playerprofile,Batsman ,0.55,Rinku Khanchand Singh,"October 12, 1997 Aligarh, Uttar Pradesh","24 Years, 5 Months, 3 Days",India,Left Handed,Off break,,10,8,1,77,30 v SRH,0,0,6,2,11.00,101.31,6,0,0,0,,,,,,,,,,,,
Ashok Sharma,KKR,https://sports.ndtv.com/cricket/players/115359-ashok-sharma-playerprofile,Bowler ,0.55,Ashok Sharma,"June 17, 2002 ","19 Years, 8 Months, 28 Days",India,Right Handed,Right-arm medium fast,,,,,,,,,,,,,,,,,,,,,,,,,,,,
Chamika Karunaratne,KKR,https://sports.ndtv.com/cricket/players/64316-chamika-karunaratne-playerprofile,All-Rounder ,0.50,Chamika Karunaratne,"May 29, 1996","25 Years, 9 Months, 17 Days",Sri Lanka,,,Cricket,,,,,,,,,,,,,,,,,,,,,,,,,,,
Abhijeet Tomar,KKR,https://sports.ndtv.com/cricket/players/108580-abhijeet-tomar-playerprofile,Batsman ,0.40,Abhijeet Tomar,"March 14, 1995 Jaipur, Rajasthan","27 Years, 0 Months, 2 Days",India,Right Handed,Off break,,,,,,,,,,,,,,,,,,,,,,,,,,,,
Anukul Roy,KKR,https://sports.ndtv.com/cricket/players/108575-anukul-roy-playerprofile,All-Rounder ,0.20,Anukul Sudhakar Roy,"November 30, 1998 Saraikela Kharswan, Jharkhand","23 Years, 3 Months, 15 Days",India,Left Handed,Slow left-arm orthodox,IPL,1,0,0,,,0,0,0,0,,0.00,,,0,0,1,2,0,11,1,1/11 v CSK,0,0,11.00,5.50,12.00,1
Pratham Singh,KKR,https://sports.ndtv.com/cricket/players/107537-pratham-singh-playerprofile,Batsman ,0.20,Pratham Singh,"August 31, 1992 Delhi","29 Years, 6 Months, 15 Days",India,Left Handed,Off break,,,,,,,,,,,,,,,,,,,,,,,,,,,,
Rasikh Dar,KKR,https://sports.ndtv.com/cricket/players/110974-rasikh-salam-playerprofile,Bowler ,0.20,Rasikh Salam Dar,"April 5, 2001 ","20 Years, 11 Months, 10 Days",India,Right Handed,Right-arm medium,IPL,1,1,1,5,5* v DC,0,0,0,0,,125.00,1,0,0,0,1,4,0,42,0,0/42 v DC,0,0,,10.50,,1
Ramesh Kumar,KKR,https://sports.ndtv.com/cricket/players/115360-ramesh-kumar-playerprofile,Batsman ,0.20,Ramesh Kumar,"January 1, 1999 ","23 Years, 2 Months, 14 Days",India,Left Handed,,,,,,,,,,,,,,,,,,,,,,,,,,,,,
Aman Khan,KKR,https://sports.ndtv.com/cricket/players/115300-aman-khan-playerprofile,All-Rounder ,0.20,Aman Hakim Khan,"November 23, 1996 ","25 Years, 3 Months, 22 Days",India,Right Handed,Right-arm medium,,,,,,,,,,,,,,,,,,,,,,,,,,,,
Baba Indrajith,KKR,https://sports.ndtv.com/cricket/players/64703-baba-indrajith-playerprofile,Wicket-Keeper ,0.20,Baba Indrajith,"July 8, 1994 Madras (now Chennai)","27 Years, 8 Months, 7 Days",India,Right Handed,Leg break googly,,,,,,,,,,,,,,,,,,,,,,,,,,,,
Rishabh Pant,DC,https://sports.ndtv.com/cricket/players/107048-rishabh-pant-playerprofile,Wicket-Keeper ,16.00,Rishabh Rajendra Pant,"October 4, 1997 Haridwar, Uttarakhand","24 Years, 5 Months, 11 Days",India,Left Handed,,,84,84,13,2498,128* v SRH,1,15,225,113,35.18,147.46,56,14,4,6,,,,,,,,,,,,
Shardul Thakur,DC,https://sports.ndtv.com/cricket/players/63779-shardul-narendra-thakur-playerprofile,Bowler ,10.75,Shardul Narendra Thakur,"October 16, 1991 Palghar, Maharashtra","30 Years, 5 Months, 0 Days",India,Right Handed,Right-arm medium fast,IPL,61,14,6,53,15* v SRH,0,0,5,1,6.62,112.76,17,0,5,2,60,210,2,1867,67,3/19 v PBKS,5,0,27.86,8.89,18.80,60
Axar Patel,DC,https://sports.ndtv.com/cricket/players/63024-akshar-rajeshbhai-patel-playerprofile,All-Rounder ,9.00,Axar Rajeshbhai Patel,"January 20, 1994 Anand, Gujarat","28 Years, 1 Months, 23 Days",India,Left Handed,Slow left-arm orthodox,IPL,109,78,23,953,44 v DC,0,0,55,44,17.32,125.23,44,0,7,6,108,382.3,2,2762,95,4/21 v GL,3,0,29.07,7.22,24.15,108
Prithvi Shaw,DC,https://sports.ndtv.com/cricket/players/107533-prithvi-shaw-playerprofile,Batsman ,7.50,Prithvi Pankaj Shaw,"November 9, 1999 Thane, Maharashtra","22 Years, 4 Months, 7 Days",India,Right Handed,Off break,,53,53,0,1305,99 v KKR,0,10,155,45,24.62,146.30,11,0,4,3,,,,,,,,,,,,
Mitchell Marsh,DC,https://sports.ndtv.com/cricket/players/1425-mitchell-marsh-playerprofile,All-Rounder ,6.50,Mitchell Ross Marsh,"October 20, 1991 Attadale, Perth","30 Years, 4 Months, 27 Days",Australia,Right Handed,Right-arm medium,IPL,21,15,2,225,38 v MI,0,0,9,14,17.30,114.21,7,0,1,1,19,53.1,0,420,20,4/25 v DCH,0,0,21.00,7.89,15.95,19
Anrich Nortje,DC,https://sports.ndtv.com/cricket/players/64072-anrich-nortje-playerprofile,Bowler ,6.50,Anrich Arno Nortje,"November 16, 1993 ","28 Years, 4 Months, -1 Days",South Africa,Right Handed,Right-arm fast,IPL,24,5,4,7,3* v PBKS,0,0,0,0,7.00,116.66,5,0,2,0,24,91.2,1,699,34,3/33 v KKR,2,0,20.55,7.65,16.11,24
David Warner,DC,https://sports.ndtv.com/cricket/players/1285-david-warner-playerprofile,Batsman ,6.25,David Andrew Warner,"October 27, 1986 Paddington, New South Wales","35 Years, 4 Months, 19 Days",Australia,Left Handed,Leg break,IPL,150,150,19,5449,126 v KKR,4,50,525,201,41.59,139.96,68,0,8,9,1,0.1,0,2,0,0/2 v DC,0,0,,12.00,,1
Khaleel Ahmed,DC,https://sports.ndtv.com/cricket/players/107233-khaleel-ahmed-playerprofile,Bowler ,5.25,Khaleel Khursheed Ahmed,"December 5, 1997 Tonk, Rajasthan","24 Years, 3 Months, 10 Days",India,Right Handed,Left-arm medium,IPL,24,3,0,1,1 v MI,0,0,0,0,0.33,20.00,1,0,2,1,24,90.3,0,786,32,3/21 v PBKS,6,0,24.56,8.68,16.96,24
Chetan Sakariya,DC,https://sports.ndtv.com/cricket/players/110598-chetan-sakariya-playerprofile,Bowler ,4.20,Chetan Sakariya,"February 28, 1998 Bhavnagar","24 Years, 0 Months, 15 Days",India,Left Handed,Left-arm medium fast,IPL,14,6,1,16,7 v PBKS,0,0,2,0,3.20,64.00,4,0,2,1,14,52,1,426,14,3/31 v PBKS,2,0,30.42,8.19,22.28,14
Rovman Powell,DC,https://sports.ndtv.com/cricket/players/107485-rovman-powell-playerprofile,Batsman ,2.80,Rovman Powell,"July 23, 1993 ","28 Years, 7 Months, 23 Days",West Indies,Right Handed,Right-arm medium fast,,,,,,,,,,,,,,,,,,,,,,,,,,,,
Kuldeep Yadav,DC,https://sports.ndtv.com/cricket/players/63624-kuldeep-yadav-playerprofile,Bowler ,2.00,Kuldeep Yadav,"December 14, 1994 Kanpur, Uttar Pradesh","27 Years, 3 Months, 1 Days",India,Left Handed,Slow left-arm chinaman,IPL,45,11,5,57,16 v MI,0,0,5,0,9.50,76.00,11,0,3,3,43,149.2,0,1236,40,4/20 v RR,2,0,30.90,8.27,22.40,43
Srikar Bharat,DC,https://sports.ndtv.com/cricket/players/60643-kona-srikar-bharat-playerprofile,Wicket-Keeper ,2.00,Kona Srikar Bharat,"October 3, 1993 Visakhapatnam, Andhra Pradesh","28 Years, 5 Months, 12 Days",India,Right Handed,,,8,7,2,191,78* v DC,0,1,10,8,38.20,122.43,4,1,1,0,,,,,,,,,,,,
Mustafizur Rahman,DC,https://sports.ndtv.com/cricket/players/64306-mustafizur-rahman-playerprofile,Bowler ,2.00,Mustafizur Rahman,"September 6, 1995 Satkhira","26 Years, 6 Months, 10 Days",Bangladesh,Left Handed,Left-arm fast medium,IPL,38,7,6,9,8* v MI,0,0,0,1,9.00,52.94,5,0,5,0,38,143,1,1121,38,3/16 v MI,3,0,29.50,7.83,22.57,38
Kamlesh Nagarkoti,DC,https://sports.ndtv.com/cricket/players/108584-kamlesh-nagarkoti-playerprofile,All-Rounder ,1.10,Kamlesh Lachham Nagarkoti,"December 28, 1999 Barmer, Rajasthan","22 Years, 2 Months, 19 Days",India,Right Handed,Right-arm fast,IPL,11,7,3,22,8* v RR,0,0,1,0,5.50,66.66,4,0,2,0,10,28,0,256,5,2/13 v RR,0,0,51.20,9.14,33.60,10
Mandeep Singh,DC,https://sports.ndtv.com/cricket/players/1429-mandeep-singh-playerprofile,Batsman ,1.10,Mandeep Singh,"December 18, 1991 Jalandhar, Punjab","30 Years, 2 Months, 29 Days",India,Right Handed,Right-arm medium,IPL,105,92,16,1674,77* v PWI,0,6,172,37,22.02,124.09,37,0,12,3,2,2,0,26,0,0/8 v RR,0,0,,13.00,,2
Lalit Yadav,DC,https://sports.ndtv.com/cricket/players/108549-lalit-yadav-playerprofile,All-Rounder ,0.65,Lalit Yadav,"January 3, 1997 Delhi","25 Years, 2 Months, 12 Days",India,Right Handed,Off break,IPL,7,5,3,68,22* v MI,0,0,7,0,34.00,93.15,5,0,1,0,5,14,0,101,4,2/13 v KKR,0,0,25.25,7.21,21.00,5
Yash Dhull,DC,https://sports.ndtv.com/cricket/players/114978-yash-dhull-playerprofile,All-Rounder ,0.50,Yash Vijay Dhull,"November 11, 2002 ","19 Years, 4 Months, 4 Days",India,Right Handed,Off break,,,,,,,,,,,,,,,,,,,,,,,,,,,,
Lungi Ngidi,DC,https://sports.ndtv.com/cricket/players/64640-lungisani-ngidi-playerprofile,Bowler ,0.50,Lungisani True-man Ngidi,"March 29, 1996 Durban, Natal","25 Years, 11 Months, 17 Days",South Africa,Right Handed,Right-arm fast medium,IPL,14,0,0,,,0,0,0,0,,0.00,2,0,0,0,14,54,2,448,25,4/10 v PBKS,3,0,17.92,8.29,12.96,14
Tim Seifert,DC,https://sports.ndtv.com/cricket/players/64292-tim-l-seifert-playerprofile,Wicket-Keeper ,0.50,Tim Louis Seifert,"December 14, 1994 Wanganui","27 Years, 3 Months, 1 Days",New Zealand,Right Handed,,,1,1,0,2,2 v PBKS,0,0,0,0,2.00,50.00,,,0,1,,,,,,,,,,,,
Pravin Dubey,DC,https://sports.ndtv.com/cricket/players/63981-praveen-dubey-playerprofile,All-Rounder ,0.50,Pravin Dubey,"July 1, 1993 Azamgarh, Uttar Pradesh","28 Years, 8 Months, 14 Days",India,Right Handed,Leg break googly,IPL,3,1,1,7,7* v MI,0,0,0,0,,53.84,1,0,0,0,3,8,0,72,0,0/14 v SRH,0,0,,9.00,,3
Ashwin Hebbar,DC,https://sports.ndtv.com/cricket/players/110570-ashwin-hebbar-playerprofile,Batsman ,0.20,Kattingeri Ashwin Hebbar,"November 15, 1995 Nellore, Andhra Pradesh","26 Years, 4 Months, 1 Days",India,Right Handed,Right-arm medium,,,,,,,,,,,,,,,,,,,,,,,,,,,,
Ripal Patel,DC,https://sports.ndtv.com/cricket/players/113434-ripal-patel-playerprofile,All-Rounder ,0.20,Ripal Vinubhai Patel,"September 28, 1995 Nadiad","26 Years, 5 Months, 18 Days",India,Right Handed,Right-arm medium fast,IPL,2,2,1,25,18 v CSK,0,0,3,0,25.00,92.59,,,0,0,1,3,0,22,0,0/22 v RCB,0,0,,7.33,,1
Vicky Ostwal,DC,https://sports.ndtv.com/cricket/players/114987-vicky-ostwal-playerprofile,All-Rounder ,0.20,Vicky Kanhaiya Ostwal,"September 1, 2002 ","19 Years, 6 Months, 14 Days",India,Right Handed,Slow left-arm orthodox,,,,,,,,,,,,,,,,,,,,,,,,,,,,
Sarfaraz Khan,DC,https://sports.ndtv.com/cricket/players/64385-sarfaraz-naushad-khan-playerprofile,All-Rounder ,0.20,Sarfaraz Naushad Khan,"October 22, 1997 Mumbai","24 Years, 4 Months, 24 Days",India,Right Handed,Leg break,IPL,40,28,9,441,67 v CSK,0,1,50,11,23.21,138.24,6,0,4,1,1,0.2,0,6,0,0/6 v RCB,0,0,,18.00,,1
KL Rahul,LSG,https://sports.ndtv.com/cricket/players/1688-lokesh-rahul-playerprofile,Wicket-keeper ,17.00,Kannaur Lokesh Rahul,"April 18, 1992 Bangalore, Karnataka","29 Years, 10 Months, 27 Days",India,Right Handed,,,94,85,16,3273,132* v RCB,2,27,282,134,47.43,136.37,50,5,2,2,,,,,,,,,,,,
Avesh Khan,LSG,https://sports.ndtv.com/cricket/players/64916-avesh-khan-playerprofile,Bowler ,10.00,Avesh Khan,"December 13, 1996 Indore, Madhya Pradesh","25 Years, 3 Months, 2 Days",India,Right Handed,Right-arm medium fast,IPL,25,2,1,9,5 v KKR,0,0,2,0,9.00,150.00,5,0,0,1,25,91,0,749,29,3/13 v KKR,4,0,25.82,8.23,18.82,25
Marcus Stoinis,LSG,https://sports.ndtv.com/cricket/players/42327-marcus-peter-stoinis-playerprofile,All-Rounder ,9.20,Marcus Peter Stoinis,"August 16, 1989 Perth","32 Years, 7 Months, -1 Days",Australia,Right Handed,Right-arm medium,IPL,56,49,16,914,65 v MI,0,4,76,35,27.69,135.81,12,0,5,2,45,102,0,969,30,4/15 v MI,2,0,32.30,9.50,20.40,45
Jason Holder,LSG,https://sports.ndtv.com/cricket/players/1446-jason-holder-playerprofile,All-Rounder ,8.75,Jason Omar Holder,"November 5, 1991 Barbados","30 Years, 4 Months, 11 Days",West Indies,Right Handed,Right-arm medium fast,IPL,26,16,3,189,47* v PBKS,0,0,11,11,14.53,121.15,7,0,1,2,26,95.5,0,786,35,4/52 v MI,5,0,22.45,8.20,16.42,26
Krunal Pandya,LSG,https://sports.ndtv.com/cricket/players/64213-krunal-himashu-pandya-playerprofile,All-Rounder ,8.25,Krunal Himashu Pandya,"March 24, 1991 Ahmedabad, Gujarat","30 Years, 11 Months, 23 Days",India,Left Handed,Slow left-arm orthodox,IPL,84,72,22,1143,86 v DC,0,1,105,46,22.86,138.54,28,0,6,4,81,240.4,0,1773,51,3/14 v GL,4,0,34.76,7.36,28.31,81
Mark Wood,LSG,https://sports.ndtv.com/cricket/players/51060-mark-andrew-wood-playerprofile,Bowler ,7.50,Mark Andrew Wood,"January 11, 1990 Ashington, Northumberland","32 Years, 2 Months, 4 Days",England,Right Handed,Right-arm fast,IPL,1,1,0,1,1 v MI,0,0,0,0,1.00,33.33,1,0,0,0,1,4,0,49,0,0/49 v MI,0,0,,12.25,,1
Quinton de Kock,LSG,https://sports.ndtv.com/cricket/players/1577-quinton-de-kock-playerprofile,Wicket-Keeper ,6.75,Quinton de Kock,"December 17, 1992 Johannesburg, Gauteng","29 Years, 2 Months, 29 Days",South Africa,Left Handed,,,77,77,5,2256,108 v RCB,1,16,230,83,31.33,130.93,53,14,3,3,,,,,,,,,,,,
Deepak Hooda,LSG,https://sports.ndtv.com/cricket/players/64174-deepak-jagbir-hooda-playerprofile,All-Rounder ,5.75,Deepak Jagbir Hooda,"April 19, 1995 Rohtak","26 Years, 10 Months, 27 Days",India,Right Handed,Off break,IPL,80,61,14,785,64 v RR,0,3,41,38,16.70,129.53,32,0,3,7,28,54.1,0,458,9,2/16 v KKR,0,0,50.88,8.45,36.11,28
Manish Pandey,LSG,https://sports.ndtv.com/cricket/players/1045-manish-pandey-playerprofile,Batsman ,4.60,Manish Krishnanand Pandey,"September 10, 1989 Nainital, Uttaranchal","32 Years, 6 Months, 5 Days",India,Right Handed,Right-arm medium,,154,143,27,3560,114* v DCH,1,21,309,103,30.68,121.83,75,0,13,6,,,,,,,,,,,,
Ravi Bishnoi,LSG,https://sports.ndtv.com/cricket/players/112652-ravi-bishnoi-playerprofile,Bowler ,4.00,Ravi Bishnoi,"September 5, 2000 Jodhpur, Rajasthan","21 Years, 6 Months, 10 Days",India,Right Handed,Leg break googly,IPL,23,4,2,8,6* v SRH,0,0,1,0,4.00,50.00,4,0,1,0,23,87,1,606,24,3/24 v SRH,3,0,25.25,6.96,21.75,23
Evin Lewis,LSG,https://sports.ndtv.com/cricket/players/1682-evin-lewis-playerprofile,Batsman ,2.00,,,,,,,,,,,,,,,,,,,,,,,,,,,,,,,,,,
Dushmantha Chameera,LSG,https://sports.ndtv.com/cricket/players/51217-pathira-vasan-dushmantha-chameera-playerprofile,Bowler ,2.00,Pathira Vasan Dushmantha Chameera,"January 11, 1992 Ragama","30 Years, 2 Months, 5 Days",Sri Lanka,Right Handed,Right-arm fast,,,,,,,,,,,,,,,,,,,,,,,,,,,,
Krishnappa Gowtham,LSG,https://sports.ndtv.com/cricket/players/61268-krishnappa-gowtham-playerprofile,All-Rounder ,0.90,Krishnappa Gowtham,"October 20, 1988 Bangalore, Karnataka","33 Years, 4 Months, 26 Days",India,Right Handed,Off break,IPL,24,19,6,186,33* v MI,0,0,13,12,14.30,169.09,10,0,2,1,24,68,0,562,13,2/12 v PBKS,0,0,43.23,8.26,31.38,24
Kyle Mayers,LSG,https://sports.ndtv.com/cricket/players/50992-kyle-r-mayers-playerprofile,All-Rounder ,0.50,Kyle Rico Mayers,"September 8, 1992 Barbados","29 Years, 6 Months, 7 Days",West Indies,Left Handed,Right-arm medium,,,,,,,,,,,,,,,,,,,,,,,,,,,,
Shahbaz Nadeem,LSG,https://sports.ndtv.com/cricket/players/1395-shahbaz-nadeem-playerprofile,Bowler ,0.50,Shahbaz Nadeem,"August 12, 1989 Bokaro, Bihar, India","32 Years, 7 Months, 3 Days",India,Right Handed,Slow left-arm orthodox,IPL,72,22,8,39,6 v PWI,0,0,2,0,2.78,44.82,16,0,9,2,70,235.5,2,1784,48,3/16 v DCH,1,0,37.16,7.56,29.47,70
Ankit Rajpoot,LSG,https://sports.ndtv.com/cricket/players/1717-ankit-rajpoot-playerprofile,Bowler ,0.50,Ankit Singh Rajpoot,"December 4, 1993 Kanpur","28 Years, 3 Months, 11 Days",India,Right Handed,Right-arm fast,IPL,29,7,2,26,8 v SRH,0,0,2,1,5.20,63.41,4,0,0,1,29,88.1,1,814,24,5/14 v SRH,1,1,33.91,9.23,22.04,29
Mohsin Khan,LSG,https://sports.ndtv.com/cricket/players/110599-mohsin-khan-playerprofile,Bowler ,0.20,Mohsin Khan,"July 15, 1998 Sambhal, Uttar Pradesh","23 Years, 8 Months, 0 Days",India,Left Handed,Left-arm medium fast,,,,,,,,,,,,,,,,,,,,,,,,,,,,
Ayush Badoni,LSG,https://sports.ndtv.com/cricket/players/113432-ayush-badoni-playerprofile,All-Rounder ,0.20,Ayush Badoni,"December 3, 1999 Delhi","22 Years, 3 Months, 13 Days",India,Right Handed,Off break,,,,,,,,,,,,,,,,,,,,,,,,,,,,
Karan Sharma,LSG,https://sports.ndtv.com/cricket/players/113438-karan-sharma-playerprofile,All-Rounder ,0.20,Karan Sharma,"October 31, 1998 ","23 Years, 4 Months, 15 Days",India,Right Handed,Off break,,,,,,,,,,,,,,,,,,,,,,,,,,,,
Mayank Yadav,LSG,https://sports.ndtv.com/cricket/players/115355-mayank-yadav-playerprofile,Bowler ,0.20,Mayank Prabhu Yadav,"June 17, 2002 New Delhi","19 Years, 8 Months, 28 Days",India,Right Handed,Right-arm medium fast,,,,,,,,,,,,,,,,,,,,,,,,,,,,
Manan Vohra,LSG,https://sports.ndtv.com/cricket/players/1689-manan-vohra-playerprofile,Batsman ,0.20,Manan Vohra,"July 18, 1993 Chandigarh, Punjab","28 Years, 7 Months, 28 Days",India,Right Handed,Right-arm medium,,53,49,2,1054,95 v SRH,0,3,102,41,22.42,130.60,13,0,3,4,,,,,,,,,,,,
Rashid Khan,GT,https://sports.ndtv.com/cricket/players/107477-rashid-khan-playerprofile,Bowler ,15.00,Rashid Khan Arman,"September 20, 1998 Nangarhar","23 Years, 5 Months, 25 Days",Afghanistan,Right Handed,Leg break googly,IPL,76,35,11,222,34* v KKR,0,0,17,13,9.25,137.03,20,0,11,2,76,302,4,1912,93,3/7 v DC,10,0,20.55,6.33,19.48,76
Hardik Pandya,GT,https://sports.ndtv.com/cricket/players/64177-hardik-himanshu-pandya-playerprofile,All-Rounder ,15.00,Hardik Himanshu Pandya,"October 11, 1993 Choryasi, Gujarat","28 Years, 5 Months, 4 Days",India,Right Handed,Right-arm medium fast,IPL,92,85,31,1476,91 v KKR,0,4,97,98,27.33,153.91,53,0,5,1,60,144.5,0,1313,42,3/20 v CSK,3,0,31.26,9.06,20.69,60
Lockie Ferguson,GT,https://sports.ndtv.com/cricket/players/64149-lachlan-hammond-ferguson-playerprofile,Bowler ,10.00,Lachlan Hammond Ferguson,"June 13, 1991 Auckland","30 Years, 9 Months, 3 Days",New Zealand,Right Handed,Right-arm fast,IPL,22,6,6,62,24* v PBKS,0,0,5,2,,151.22,3,0,2,0,22,79.5,1,648,24,3/15 v SRH,2,0,27.00,8.11,19.95,22
Rahul Tewatia,GT,https://sports.ndtv.com/cricket/players/64845-rahul-tewatia-playerprofile,All-Rounder ,9.00,,,,,,,,,,,,,,,,,,,,,,,,,,,,,,,,,,
Shubman Gill,GT,https://sports.ndtv.com/cricket/players/108578-shubman-gill-playerprofile,Batsman ,8.00,Shubman Gill,"September 8, 1999 Fazilka, Punjab","22 Years, 6 Months, 8 Days",India,Right Handed,Off break,,58,55,10,1417,76 v MI,0,10,137,36,31.48,123.00,23,0,2,6,,,,,,,,,,,,
Mohammed Shami,GT,https://sports.ndtv.com/cricket/players/1580-shami-ahmed-playerprofile,Bowler ,6.25,Mohammed Shami Ahmed,"September 3, 1990 Amroha, Uttar Pradesh","31 Years, 6 Months, 12 Days",India,Right Handed,Right-arm fast,IPL,77,23,12,69,21 v RCB,0,0,5,2,6.27,94.52,11,0,7,2,77,278.2,1,2402,79,3/15 v DC,6,0,30.40,8.62,21.13,77
Yash Dayal,GT,https://sports.ndtv.com/cricket/players/115307-yash-dayal-playerprofile,Bowler ,3.20,Yash Dayal,"December 13, 1997 ","24 Years, 3 Months, 2 Days",India,Left Handed,Left-arm medium fast,,,,,,,,,,,,,,,,,,,,,,,,,,,,
Ravisrinivasan Sai Kishore,GT,https://sports.ndtv.com/cricket/players/107511-ravisrinivasan-sai-kishore-playerprofile,Bowler ,3.00,Ravisrinivasan Sai Kishore,"November 6, 1996 Chennai, Tamil Nadu","25 Years, 4 Months, 9 Days",India,Left Handed,Slow left-arm orthodox,,,,,,,,,,,,,,,,,,,,,,,,,,,,
David Miller,GT,https://sports.ndtv.com/cricket/players/1274-david-miller-playerprofile,Batsman ,3.00,David Andrew Miller,"June 10, 1989 Pietermaritzburg, Natal","32 Years, 9 Months, 5 Days",South Africa,Left Handed,Off break,,89,86,26,1974,101* v RCB,1,10,137,90,32.90,136.51,53,0,3,3,,,,,,,,,,,,
Abhinav Manohar,GT,https://sports.ndtv.com/cricket/players/64145-abhinav-manohar-playerprofile,Batsman ,2.60,Abhinav Manohar Sadarangani,"September 16, 1994 Bangalore","27 Years, 6 Months, -1 Days",India,Right Handed,Leg break googly,,,,,,,,,,,,,,,,,,,,,,,,,,,,
Alzarri Joseph,GT,https://sports.ndtv.com/cricket/players/64674-alzarri-joseph-playerprofile,Bowler ,2.40,Alzarri Shaheim Joseph,"November 20, 1996 Antigua","25 Years, 3 Months, 25 Days",West Indies,Right Handed,Right-arm fast medium,IPL,3,2,2,15,15* v PBKS,0,0,2,0,,115.38,1,0,1,0,3,8.4,1,87,6,6/12 v SRH,0,1,14.50,10.03,8.66,3
Matthew Wade,GT,https://sports.ndtv.com/cricket/players/1010-matthew-wade-playerprofile,Wicket-Keeper ,2.40,Matthew Scott Wade,"December 26, 1987 Hobart, Tasmania","34 Years, 2 Months, 21 Days",Australia,Left Handed,Right-arm medium,,3,3,0,22,11 v PWI,0,0,0,0,7.33,66.66,,,0,0,,,,,,,,,,,,
Jason Roy,GT,https://sports.ndtv.com/cricket/players/16312-jason-jonathan-roy-playerprofile,Batsman ,2.00,Jason Jonathan Roy,"July 21, 1990 Durban, South Africa","31 Years, 7 Months, 25 Days",England,Right Handed,,,13,13,2,329,91* v MI,0,2,39,9,29.90,129.02,8,0,0,0,,,,,,,,,,,,
Wriddhiman Saha,GT,https://sports.ndtv.com/cricket/players/1088-wriddhiman-saha-playerprofile,Wicket-Keeper ,1.90,Wriddhiman Prasanta Saha,"October 24, 1984 Shaktigarh","37 Years, 4 Months, 22 Days",India,Right Handed,,,133,108,22,2110,115* v KKR,1,8,191,69,24.53,128.73,69,20,6,8,,,,,,,,,,,,
Jayant Yadav,GT,https://sports.ndtv.com/cricket/players/60086-jayant-yadav-playerprofile,All-Rounder ,1.70,Jayant Yadav,"January 22, 1990 Delhi","32 Years, 1 Months, 21 Days",India,Right Handed,Off break,IPL,19,5,1,40,23 v DC,0,0,2,1,10.00,111.11,6,0,1,2,19,61,0,419,8,1/8 v CSK,0,0,52.37,6.86,45.75,19
Vijay Shankar,GT,https://sports.ndtv.com/cricket/players/62197-vijay-shankar-playerprofile,All-Rounder ,1.40,Vijay Shankar,"January 26, 1991 Tirunelveli, Tamil Nadu","31 Years, 1 Months, 18 Days",India,Right Handed,Right-arm medium,IPL,47,39,12,712,63* v GL,0,3,45,28,26.37,126.24,21,0,3,1,20,38.1,0,329,9,2/19 v MI,0,0,36.55,8.62,25.44,20
Dominic Drakes,GT,https://sports.ndtv.com/cricket/players/114349-dominic-drakes-playerprofile,All-Rounder ,1.10,Dominic Conneil Drakes,"February 6, 1998 ","24 Years, 1 Months, 6 Days",West Indies,Left Handed,Left-arm fast medium,,,,,,,,,,,,,,,,,,,,,,,,,,,,
Varun Aaron,GT,https://sports.ndtv.com/cricket/players/1252-varun-aaron-playerprofile,Bowler ,0.50,Varun Raymond Aaron,"October 29, 1989 Singhbhum, Bihar (now Jharkhand)","32 Years, 4 Months, 17 Days",India,Right Handed,Right-arm fast,IPL,50,13,8,50,17* v PBKS,0,0,2,2,10.00,69.44,3,0,5,2,48,160.4,2,1429,42,3/16 v KKR,1,0,34.02,8.89,22.95,48
Gurkeerat Singh Mann,GT,https://sports.ndtv.com/cricket/players/1661-gurkeerat-singh-playerprofile,All-Rounder ,0.50,Gurkeerat Rupinder Singh,"June 29, 1990 Muktsar, Punjab","31 Years, 8 Months, 16 Days",India,Right Handed,Off break,IPL,41,32,8,511,65 v SRH,0,2,55,11,21.29,121.09,19,1,4,1,6,13,0,97,5,2/15 v RPS,0,0,19.40,7.46,15.60,6
Noor Ahmad,GT,https://sports.ndtv.com/cricket/players/112545-noor-ahmad-playerprofile,Bowler ,0.30,Noor Ahmad Lakanwal,"January 3, 2005 ","17 Years, 2 Months, 12 Days",Afghanistan,Right Handed,Slow left-arm chinaman,,,,,,,,,,,,,,,,,,,,,,,,,,,,
Darshan Nalkande,GT,https://sports.ndtv.com/cricket/players/110589-darshan-nalkande-playerprofile,All-Rounder ,0.20,Darshan Girish Nalkande,"October 4, 1998 Wardha, Maharashtra","23 Years, 5 Months, 11 Days",India,Right Handed,Right-arm fast medium,,,,,,,,,,,,,,,,,,,,,,,,,,,,
Sai Sudharsan,GT,https://sports.ndtv.com/cricket/players/115302-sai-sudharsan-playerprofile,All-Rounder ,0.20,Bhardwaj Sai Sudharsan,"October 15, 2001 ","20 Years, 5 Months, 0 Days",India,Left Handed,Leg break,,,,,,,,,,,,,,,,,,,,,,,,,,,,
Pradeep Sangwan,GT,https://sports.ndtv.com/cricket/players/1047-pradeep-sangwan-playerprofile,All-Rounder ,0.20,Pradeep Jaibeer Sangwan,"November 5, 1990 Rasiwas, Delhi","31 Years, 4 Months, 10 Days",India,Right Handed,Left-arm medium,IPL,39,14,7,24,6* v MI,0,0,1,0,3.42,61.53,6,0,6,1,39,133.4,1,1175,35,3/18 v DCH,3,0,33.57,8.79,22.91,39
